,Date,EURUSD=X,S&P,STD,Vol_global,Vol_local,return,Price_MA,Primary risk,FD,Energy,Correlation,STD_short,Price_LB,Price_UB,Price_LB_Price_UB_Distance,Distance_MA
0,2019-07-01,1.1364928483963013,2.964330078125,,,,0.0,,,,,,,,,,
1,2019-07-02,1.1287446022033691,2.973010009765625,,,,-0.006817681434481208,,,,,,,,,,
2,2019-07-03,1.1293054819107056,2.995820068359375,,,,0.0004969057714575635,,,,,,,,,,
3,2019-07-04,1.1287955045700073,3.006948492118021,,,,-0.0004515849332772177,,,,,,,,,,
4,2019-07-05,1.128579020500183,2.990409912109375,,,,-0.00019178324944400284,,,,,,,,,,
5,2019-07-08,1.1227376461029053,2.975949951171875,,,,-0.005175866546490427,,,,,,,,,,
6,2019-07-09,1.121604323387146,2.9796298828125,,,,-0.001009427910156138,,,,,,,,,,
7,2019-07-10,1.120824933052063,2.993070068359375,,,,-0.0006948888470127485,,,,,,,,,,
8,2019-07-11,1.125885248184204,2.999909912109375,,,,0.004514813137107523,,,,,,,,,,
9,2019-07-12,1.1252391338348389,3.01377001953125,,,,-0.0005738722932974469,,,,,,,,,,
10,2019-07-15,1.1272051334381104,3.014300048828125,,,,0.0017471838155604454,,,,,,,,,,
11,2019-07-16,1.1261768341064453,3.0040400390625,,,,-0.0009122557209516987,,,,,,,,,,
12,2019-07-17,1.1212271451950073,2.984419921875,,,,-0.004395125846612956,,,,,,,,,,
13,2019-07-18,1.12296462059021,2.995110107421875,,,,0.0015496194528009306,,,,,,,,,,
14,2019-07-19,1.1261515617370605,2.976610107421875,,,,0.00283797110649451,,,,,,,,,,
15,2019-07-22,1.1218308210372925,2.985030029296875,,,,-0.00383673108183008,,,,,,,,,,
16,2019-07-23,1.1206114292144775,3.005469970703125,,,,-0.0010869658775174672,,,,,,,,,,
17,2019-07-24,1.1151255369186401,3.01956005859375,,,,-0.004895445604800662,,,,,,,,,,
18,2019-07-25,1.1142433881759644,3.003669921875,,,,-0.0007910757250823708,,,,,,,,,,
19,2019-07-26,1.1146159172058105,3.025860107421875,,,,0.00033433362387371026,,,,,,,,,,
20,2019-07-29,1.1132138967514038,3.020969970703125,,,,-0.0012578507383255494,,,,,,,,,,
21,2019-07-30,1.1143054962158203,3.013179931640625,,,,0.0009805837562772298,,,,,,,,,,
22,2019-07-31,1.1157974004745483,2.9803798828125,,,,0.001338864668436557,,,,,,,,,,
23,2019-08-01,1.1071745157241821,2.95356005859375,,,,-0.007728002186327823,,,,,,,,,,
24,2019-08-02,1.1078859567642212,2.932050048828125,,,,0.000642573532839782,,,,,,,,,,
25,2019-08-05,1.1108025312423706,2.844739990234375,,,,0.0026325583967755947,,,,,,,,,,
26,2019-08-06,1.1243788003921509,2.88177001953125,,,,0.01222203656179643,1.1211822121231645,,,,,0.007097469958884481,1.1069872722053955,1.1355191014401111,0.028531829234715644,
27,2019-08-07,1.1206992864608765,2.88397998046875,,,,-0.003272486042951989,1.1205972653848153,,,,,0.006431057158163257,1.1077351510684887,1.133588000844305,0.025852849775816367,
28,2019-08-08,1.1204355955123901,2.938090087890625,,,,-0.00023529143961450498,1.1202895243962605,,,,,0.006229468244983325,1.107830587906294,1.1328730502511268,0.025042462344832872,
29,2019-08-09,1.1187183856964111,2.91864990234375,,,,-0.0015326269737027597,1.1198974097216572,,,,,0.005977733516162241,1.1079419426893327,1.131972431424305,0.024030488734972266,
30,2019-08-12,1.1208499670028687,2.882699951171875,,,,0.0019053779161147808,1.1196031305525038,,,,,0.005722574249107348,1.108157982054289,1.1311627305357006,0.02300474848141154,
31,2019-08-13,1.1218308210372925,2.926320068359375,,,,0.0008750984193242322,1.1193531972390633,,,,,0.005466739558045241,1.108419718122973,1.1303960111463147,0.02197629302334181,
32,2019-08-14,1.1177055835723877,2.84060009765625,,,,-0.0036772366987478694,1.119166824552748,,,,,0.005433857559405581,1.1082991094339367,1.1301432168227472,0.021844107388810485,
33,2019-08-15,1.1143302917480469,2.84760009765625,,,,-0.0030198398164503946,1.118897415973522,,,,,0.005486396570318517,1.1079246228328852,1.1299799370455654,0.022055314212680255,
34,2019-08-16,1.1113580465316772,2.888679931640625,,,,-0.00266729284699519,1.1185467905468411,,,,,0.00565201444321595,1.1072427616604092,1.1299638597221373,0.022721098061728062,
35,2019-08-19,1.109385371208191,2.92364990234375,,,,-0.001775013308845558,1.117935683992174,,,,,0.005717153128063708,1.1065013777360464,1.1294843333108626,0.022982955574816222,
36,2019-08-20,1.1083157062530518,2.900510009765625,,,,-0.0009641960160104034,1.1173088903780337,,,,,0.005809040759667566,1.1056908088586985,1.1290431527125622,0.023352343853863644,
37,2019-08-21,1.1097793579101562,2.924429931640625,,,,0.0013206089644373495,1.1166634912844058,,,,,0.0056392323667622275,1.1053850265508813,1.1280547406652655,0.02266971411438412,
38,2019-08-22,1.10907781124115,2.922949951171875,,,,-0.0006321496827328287,1.1160301941412467,,,,,0.005493550134842471,1.1050430938715619,1.1271271654136286,0.022084071542066708,
39,2019-08-23,1.1084016561508179,2.847110107421875,,,,-0.000609655232012403,1.115555176028499,,,,,0.0055774993244488815,1.1044001773796013,1.1268217246638856,0.02242154728428436,
40,2019-08-26,1.1143054962158203,2.8783798828125,,,,0.005326444644177903,1.1152344677183363,,,,,0.00538796410069326,1.1044585395169497,1.1261181552017367,0.021659615684787026,
41,2019-08-27,1.1103708744049072,2.869159912109375,,,,-0.0035310081699094684,1.1146499978171454,,,,,0.0050150237413076025,1.1046199503345302,1.1247803457745866,0.020160395440056433,
42,2019-08-28,1.109004020690918,2.88793994140625,,,,-0.001230988443137803,1.11417493113765,,,,,0.004918904404289412,1.1043371223290712,1.1241111180343146,0.019773995705243408,
43,2019-08-29,1.1085859537124634,2.924580078125,,,,-0.00037697516930022574,1.113729543156094,,,,,0.0048600179600555155,1.104009507235983,1.1235467794354062,0.01953727219942314,
44,2019-08-30,1.1061947345733643,2.9264599609375,,,,-0.0021569993116829058,1.1133987726988617,,,,,0.0050538009519194745,1.1032911707950228,1.123607450621739,0.020316279826716244,
45,2019-09-02,1.0991789102554321,3.006948492118021,,,,-0.006342304929373925,1.1128408290721752,,,,,0.005717712547101429,1.1014054039779724,1.12439060841732,0.022985204439347706,
46,2019-09-03,1.0968520641326904,2.90627001953125,,,,-0.0021168948030498296,1.1121829085879855,,,,,0.006450646985689477,1.0992816146166067,1.1252132154990782,0.025931600882471484,
47,2019-09-04,1.0974539518356323,2.937780029296875,,,,0.0005487410040275786,1.1115992069244385,,,,,0.007018950488109653,1.0975613059482192,1.12577748691042,0.0282161809622008,
48,2019-09-05,1.10349702835083,2.976,,,,0.005506451095364807,1.1111988932998091,,,,,0.007159990429681981,1.0968789124404452,1.1256620739677667,0.02878316152732152,
49,2019-09-06,1.1036310195922852,2.9787099609375,,,,0.00012142419781168533,1.110748286600466,,,,,0.0072388143371772615,1.0962706579261117,1.1253706915615642,0.02910003363545255,
50,2019-09-09,1.1020619869232178,2.978429931640625,,,,-0.0014217004063976303,1.110558933681912,,,,,0.0073950022732484945,1.095768929135415,1.125496838273874,0.02972790913845902,
51,2019-09-10,1.1048381328582764,2.979389892578125,,,,0.0025190469937259635,1.110446051315025,,,,,0.007457937093537299,1.0955301771279504,1.1255110842439704,0.029980907116019972,
52,2019-09-11,1.1050333976745605,3.000929931640625,,,,0.00017673613036782047,1.1102323797014024,,,,,0.007526986842603751,1.0951784060161949,1.125436893123462,0.030258487107267085,0.02425929138120336
53,2019-09-12,1.1013457775115967,3.009570068359375,,,,-0.0033371119558233435,1.1093793047799005,,,,,0.007172222448601897,1.0950348598826967,1.1238671941260763,0.02883233424337961,0.024270421196339063
54,2019-09-13,1.1058276891708374,3.007389892578125,,,,0.004069486396331628,1.1088285048802693,,,,,0.006845332648607287,1.0951378395830547,1.122656076830456,0.027518237247401434,0.024332102213805176
55,2019-09-16,1.1083402633666992,2.9979599609375,,,,0.0022721208923116893,1.1083805296156142,,,,,0.00645576702304244,1.0954689955695294,1.12142117900216,0.025952183432630616,0.024365795587427314
56,2019-09-17,1.100594401359558,3.005699951171875,,,,-0.006988703977614464,1.1077092709364715,,,,,0.006285974084603867,1.0951373227672638,1.1204069385873714,0.02526961582010756,0.024411689183173067
57,2019-09-18,1.1074687242507935,3.00672998046875,,,,0.00624600932254747,1.1072136693530612,,,,,0.005733630159290103,1.095746409034481,1.118795602274827,0.023049193240346044,0.024413335285355827
58,2019-09-19,1.1031439304351807,3.0067900390625,,,,-0.0039051159828811704,1.1065215622937237,,,,,0.005009547263835316,1.096502467766053,1.116640847766671,0.02013838000061785,0.024345264432662345
59,2019-09-20,1.1048502922058105,2.992070068359375,,,,0.0015468169869336434,1.1060454403912579,,,,,0.00450994928219473,1.0970255418268684,1.1151555379412912,0.018129996114422786,0.024207704755833174
60,2019-09-23,1.1019041538238525,2.991780029296875,,,,-0.002666549850908854,1.1055852130607322,,,,,0.0042685889437059105,1.0970480351733203,1.1142077627270182,0.01715972755369788,0.024026386731426416
61,2019-09-24,1.0993722677230835,2.96660009765625,,,,-0.002297737141640527,1.1051412953270807,,,,,0.004268391040954303,1.096604513245172,1.1137634452298084,0.01715893198463636,0.02382038058042302
62,2019-09-25,1.1016855239868164,2.9848701171875,,,,0.0021041610122874113,1.1048561158003631,,,,,0.004232378338496306,1.0963913591233705,1.1134055200441257,0.01701416092075525,0.023599314111754095
63,2019-09-26,1.0952903032302856,2.9776201171875,,,,-0.005804942170237041,1.1043736934661865,,,,,0.004541593665062094,1.0952905061360623,1.113547712669612,0.018257206533549786,0.02341060532211284
64,2019-09-27,1.0922753810882568,2.9617900390625,,,,-0.00275262378671394,1.1037253980283384,,,,,0.004954250616037529,1.0938168967962634,1.1137329842727342,0.01991608747647078,0.023308619150338276
65,2019-09-30,1.0942714214324951,2.976739990234375,,,,0.001827414934729724,1.1031770132206105,,,,,0.005147145647477836,1.0928827219256547,1.1135742474285157,0.02069152550286102,0.023257043371108434
66,2019-10-01,1.0899657011032104,2.94025,,,,-0.003934782765000032,1.102494200070699,,,,,0.005610728764043596,1.0912727425426119,1.113827872174067,0.02255512963145523,0.023261990865448095
67,2019-10-02,1.0934937000274658,2.887610107421875,,,,0.0032367981127153834,1.1017233928044636,,,,,0.0053590625451420595,1.0910052677141795,1.1125486991456506,0.021543431431471083,0.023257687744954913
68,2019-10-03,1.0963709354400635,2.9106298828125,,,,0.0026312318146189478,1.1012048765465066,,,,,0.005171283072529268,1.090862310401448,1.1116508683530157,0.020788557951567643,0.02328095302315903
69,2019-10-04,1.0975382328033447,2.952010009765625,,,,0.001064691999348485,1.1007802177358557,,,,,0.004980655660187324,1.090818906415481,1.110841142169434,0.02002223575395301,0.023290147099037165
70,2019-10-07,1.098659634590149,2.9387900390625,,,,0.001021742799738194,1.100412576286881,,,,,0.004752017755223335,1.0909085407764343,1.1100116521524321,0.01910311137599785,0.023274067068539933
71,2019-10-08,1.0972130298614502,2.89306005859375,,,,-0.0013166996248463985,1.1000799205568101,,,,,0.004648859244705216,1.0907822020673996,1.1094706162311148,0.01868841416371514,0.02321377574768804
72,2019-10-09,1.0960105657577515,2.91939990234375,,,,-0.0010959258329720808,1.0999625744643036,,,,,0.00470971072301926,1.090543153018265,1.1094761901248025,0.018933037106537487,0.023063695476102476
73,2019-10-10,1.0987803936004639,2.9381298828125,,,,0.0025271908221043654,1.100033994074221,,,,,0.00467650425030985,1.0906809855736013,1.109480532659847,0.01879954708624565,0.02279954533550152
74,2019-10-11,1.1011033058166504,2.97027001953125,,,,0.0021140823313882096,1.1001691553327773,,,,,0.004652658509083946,1.0908638383146094,1.1095675255211268,0.018703687206517383,0.02244723075195769
75,2019-10-14,1.1030004024505615,2.96614990234375,,,,0.0017229052205089163,1.1001507617809154,,,,,0.004640431529907494,1.0908698987211005,1.1095244334713286,0.018654534750228047,0.022072096426880152
76,2019-10-15,1.1029006242752075,2.995679931640625,,,,-9.046068807620053e-05,1.1001237101025052,,,,,0.004622157264685906,1.0908793955731333,1.1094604677771707,0.018581072204037374,0.021682505262753664
77,2019-10-16,1.1034727096557617,2.98968994140625,,,,0.0005187098166075989,1.1001759590925995,,,,,0.004651651607054389,1.0908726558784907,1.1095722953388494,0.018699639460358686,0.02127405083023143
78,2019-10-17,1.107493281364441,2.997949951171875,,,,0.0036435624311302204,1.100274297926161,,,,,0.00477558811186761,1.0907231217024258,1.1099209859121337,0.019197864209707927,0.020874678870738392
79,2019-10-18,1.1127183437347412,2.986199951171875,,,,0.004717917894601557,1.1005589255580195,,,,,0.0052556369267477395,1.0900476517045241,1.1111753121500498,0.02112766044552572,0.02053650010548871
80,2019-10-21,1.1155734062194824,3.006719970703125,,,,0.002565844717863143,1.1010858747694228,,,,,0.005972482213871384,1.08914091034168,1.113150288841443,0.024009378499763034,0.020357872114984393
81,2019-10-22,1.1151753664016724,2.995989990234375,,,,-0.00035680289220855327,1.1014320850372314,,,,,0.006486160169975449,1.0884597646972805,1.1145341285805819,0.02607436388330142,0.02030439532372143
82,2019-10-23,1.112928867340088,3.00452001953125,,,,-0.0020144805285945595,1.101602033332542,,,,,0.006720809699152372,1.0881604139342373,1.1151780689248298,0.0270176549905925,0.020343857233275572
83,2019-10-24,1.1132385730743408,3.0102900390625,,,,0.00027827990030767177,1.1020703359886452,,,,,0.007065940940463436,1.0879384541077184,1.1163435366883814,0.028405082580662988,0.020459985631814663
84,2019-10-25,1.1103955507278442,3.022550048828125,,,,-0.0025538302527958923,1.1021787369692768,,,,,0.007169618025017714,1.0878395009192414,1.1166613653798125,0.02882186446057111,0.020673788269600778
85,2019-10-28,1.1084262132644653,3.039419921875,,,,-0.001773545888299031,1.102374377074065,,,,,0.00726472539342822,1.0878449262872085,1.11704912236879,0.029204196081581424,0.02100955923556239
86,2019-10-29,1.1099148988723755,3.036889892578125,,,,0.0013430624340124324,1.1025619550987527,,,,,0.007390528599519973,1.0877808978997128,1.117490822869783,0.0297099249700703,0.021438445489475263
87,2019-10-30,1.1114816665649414,3.04677001953125,,,,0.001411610650652302,1.102916677792867,,,,,0.007577913422056738,1.0877608509487535,1.1182240629054216,0.030463211956668124,0.021931167134029716
88,2019-10-31,1.1154489517211914,3.03756005859375,,,,0.0035693662573049742,1.1035121105335377,,,,,0.007900753134580931,1.0877106042643758,1.1194716318653912,0.0317610276010154,0.0224719854901919
89,2019-11-01,1.1157102584838867,3.066909912109375,,,,0.00023426151621919013,1.1040315451445404,,,,,0.00821823799495156,1.0875950691546372,1.1206323858943426,0.033037316739705336,0.023065435705708574
90,2019-11-04,1.1166571378707886,3.07827001953125,,,,0.0008486785701769457,1.1048229093904849,,,,,0.00836583018732885,1.0880912490158272,1.1217218863688891,0.03363063735306193,0.02363482203235717
91,2019-11-05,1.1128545999526978,3.0746201171875,,,,-0.0034052868952607926,1.1055851026817605,,,,,0.008121836915379902,1.0893414288510006,1.1219912132508278,0.03264978439982724,0.02410644043692593
92,2019-11-06,1.107419729232788,3.076780029296875,,,,-0.0048837204070870345,1.1060720770447343,,,,,0.007817354682152092,1.0904373676804302,1.1218631335026816,0.03142576582225143,0.024504004893199646
93,2019-11-07,1.1070396900177002,3.085179931640625,,,,-0.0003431754059061047,1.1067044470045302,,,,,0.007151072893680041,1.0924023012171702,1.121149614249764,0.028747313032593702,0.024733345019167737
94,2019-11-08,1.1019697189331055,3.093080078125,,,,-0.004579755477885047,1.107018373630665,,,,,0.006738377487776289,1.0935416186551123,1.120629896155973,0.027088277500860736,0.024938709688404392
95,2019-11-11,1.102244257926941,3.087010009765625,,,,0.0002491347893853651,1.1072359040931419,,,,,0.006481030312760384,1.0942738434676211,1.120327585324918,0.026053741857296808,0.025133716499727694
96,2019-11-12,1.1035456657409668,3.091840087890625,,,,0.0011806891300785883,1.10745840160935,,,,,0.006243033888074049,1.094972333833202,1.1200693300632596,0.025096996230057567,0.02532167059143527
97,2019-11-13,1.1012367010116577,3.0940400390625,,,,-0.0020923146191315486,1.1075538485138505,,,,,0.0061263941170873375,1.0953010602796758,1.1199291646303668,0.02462810435069107,0.025526299960868352
98,2019-11-14,1.1013215780258179,3.0966298828125,,,,7.70742693938401e-05,1.1077060169643826,,,,,0.005915035785649505,1.0958759453930835,1.1196543892513946,0.02377844385831107,0.025714819579186723
99,2019-11-15,1.1020498275756836,3.1204599609375,,,,0.000661250596007709,1.1079296933280096,,,,,0.005572832794776873,1.096784027738456,1.119186815573459,0.022402787835003046,0.025843328865426188
100,2019-11-18,1.105509877204895,3.122030029296875,,,,0.003139648991028771,1.108178933461507,,,,,0.005301967251438704,1.0975749989586296,1.1188889073094133,0.021313908350783617,0.025936453356705372
101,2019-11-19,1.1072357892990112,3.120179931640625,,,,0.0015611910211783034,1.1084060624793723,,,,,0.005122301570532781,1.0981614593383069,1.1187531116518485,0.020591652313541653,0.02600637799029886
102,2019-11-20,1.1080001592636108,3.1084599609375,,,,0.0006903407313843517,1.1085912386576335,,,,,0.005012735789081103,1.0985657670794713,1.1187169649515774,0.020151197872106064,0.026061809957775826
103,2019-11-21,1.1078859567642212,3.1035400390625,,,,-0.00010307083300921967,1.108775880601671,,,,,0.004890038519419161,1.0989958035628327,1.1186537584108978,0.019657954848065096,0.026101694500147224
104,2019-11-22,1.1065863370895386,3.1102900390625,,,,-0.001173062684609153,1.1088912001362554,,,,,0.004799491825419819,1.0992922164854158,1.1185861736236034,0.0192939571381876,0.026123706265992738
105,2019-11-25,1.1022562980651855,3.133639892578125,,,,-0.003912969895997067,1.1086972377918385,,,,,0.004955357217616775,1.098786523356605,1.1187070593714243,0.019920536014819357,0.026150471888404272
106,2019-11-26,1.1014429330825806,3.14052001953125,,,,-0.000737909126972282,1.1082796299899067,,,,,0.005072610561434729,1.0981344088670373,1.118526303324005,0.020391894456967652,0.026123221296235455
107,2019-11-27,1.1022562980651855,3.1536298828125,,,,0.0007384540389474708,1.1077864037619696,,,,,0.004986129695842992,1.0978141443702836,1.1178583857475723,0.020044241377288774,0.025976364365773445
108,2019-11-28,1.1004853248596191,3.006948492118021,,,,-0.0016066800513410847,1.1072423281493011,,,,,0.004951530639430969,1.0973392668704391,1.1172444200409517,0.019905153170512557,0.0257478750801146
109,2019-11-29,1.101176142692566,3.14097998046875,,,,0.000627739250439255,1.1068070420512446,,,,,0.004949084402978926,1.0969088732452867,1.116804192545262,0.019895319299975345,0.025484084869351
110,2019-12-02,1.1019041538238525,3.1138701171875,,,,0.0006611214165124465,1.106387248745671,,,,,0.0048657472186864935,1.096655754308298,1.1162160581274176,0.019560303819119662,0.02515650047077532
111,2019-12-03,1.1079105138778687,3.093199951171875,,,,0.005450891561822966,1.1062952103438202,,,,,0.004812266444390027,1.09667067745504,1.116015988561488,0.019345311106447882,0.024805517013215202
112,2019-12-04,1.1085245609283447,3.112760009765625,,,,0.0005542388512288855,1.1062988528498896,,,,,0.004813915005280004,1.0966710228393295,1.1160229611605552,0.019351938321225726,0.024440618577646473
113,2019-12-05,1.108303427696228,3.117429931640625,,,,-0.0001994842874130899,1.1062391687322546,,,,,0.004778572348206629,1.0966820240358413,1.115891884875632,0.019209860839790815,0.024051727313562046
114,2019-12-06,1.1105434894561768,3.145909912109375,,,,0.0020211628909287314,1.10620442143193,,,,,0.00474360834604145,1.096717204739847,1.1157865102909337,0.019069305551086657,0.023629730780021993
115,2019-12-09,1.105888843536377,3.1359599609375,,,,-0.004191322504694655,1.105850343351011,,,,,0.004383480640434651,1.0970833820701416,1.114704974244689,0.017621592174547507,0.023106047986449108
116,2019-12-10,1.106499433517456,3.13252001953125,,,,0.0005521259976966365,1.1055092016855876,,,,,0.003938713663040863,1.0976317743595059,1.1134654032849303,0.015833628925424392,0.02246887436369796
117,2019-12-11,1.1092746257781982,3.1416298828125,,,,0.002508082857232124,1.1052357753117878,,,,,0.003370607855507121,1.0984945596007736,1.1120444031799122,0.013549843579138576,0.02172514126096006
118,2019-12-12,1.1135857105255127,3.168570068359375,,,,0.003886399857285173,1.1052628534811515,,,,,0.0034340455547676283,1.0983947623716162,1.112199625501782,0.013804863130165934,0.021027181213935566
119,2019-12-13,1.1186057329177856,3.168800048828125,,,,0.004507980252282466,1.105677149913929,,,,,0.0042476488345241535,1.0971818522448809,1.114257400559668,0.01707554831478708,0.02049569167662207
120,2019-12-16,1.1124460697174072,3.191449951171875,,,,-0.005506554292647395,1.1058773861991034,,,,,0.004430647737792442,1.0970160907235185,1.1148272946294442,0.01781120390592572,0.020090650597856592
121,2019-12-17,1.1136974096298218,3.19252001953125,,,,0.001124854450456575,1.1063117451137967,,,,,0.004597971127272582,1.0971158028592516,1.1155996467908873,0.018483843931635713,0.01977196787307048
122,2019-12-18,1.115138053894043,3.191139892578125,,,,0.0012935688381461195,1.1067892931125782,,,,,0.004815168961165696,1.0971589551902468,1.1165159344141329,0.019356979223886128,0.019523939627388603
123,2019-12-19,1.1115927696228027,3.2053701171875,,,,-0.0031792335118151177,1.1070873339970906,,,,,0.004854062481335649,1.0973792090344192,1.1168925402093886,0.01951333117496934,0.01931713721794089
124,2019-12-20,1.1125946044921875,3.221219970703125,,,,0.0009012606925508508,1.107507997088962,,,,,0.004820842790325112,1.0978663115083118,1.1172460995254188,0.019379788017106936,0.019122755131511848
125,2019-12-23,1.1079840660095215,3.224010009765625,,,,-0.00414395186175684,1.1077547559031733,,,,,0.0046658928477541235,1.098422970207665,1.1171798594556366,0.018756889247971475,0.018936771627425197
126,2019-12-24,1.109385371208191,3.2233798828125,,,,0.0012647340712365366,1.1080264427043773,,,,,0.004537599065210056,1.0989512445739573,1.1171923928161016,0.01824114824214429,0.018782636827689686
127,2019-12-25,1.1090162992477417,3.006948492118021,,,,-0.00033268147392936687,1.1081563101874456,,,,,0.004513830952076901,1.0991286482832918,1.117274248710641,0.01814560042734925,0.01866529208978471
128,2019-12-26,1.1095454692840576,3.239909912109375,,,,0.00047715262316240075,1.1082418538905956,,,,,0.004517459594345453,1.0992069347019047,1.1173671222711734,0.018160187569268738,0.018575237839996823
129,2019-12-27,1.110111951828003,3.24002001953125,,,,0.0005105536993547813,1.1083200684300176,,,,,0.004530859574880306,1.099258349280257,1.1174724047712759,0.018214055491018843,0.018503491825882484
130,2019-12-30,1.1182304620742798,3.2212900390625,,,,0.007313235600164686,1.108703198256316,,,,,0.004900259818810567,1.0989026786186948,1.1186017230903134,0.01969904447161852,0.01850501366379187
131,2019-12-31,1.120229721069336,3.230780029296875,,,,0.0017878774213927193,1.1092085087740864,,,,,0.005339663713286195,1.098529181347514,1.1199946294749246,0.02146544812741058,0.01858543925598531
132,2020-01-01,1.1220825910568237,3.006948492118021,,,,0.001654008952484408,1.1099428159219247,,,,,0.005685180226595033,1.0985724554687346,1.1214268799796467,0.02285442451091213,0.01869410179287764
133,2020-01-02,1.1220825910568237,3.25785009765625,,,,0.0,1.1107072476987485,,,,,0.0058753185107180556,1.0989566106773123,1.122575391090399,0.023618780413086737,0.018813616087548717
134,2020-01-03,1.1171437501907349,3.23485009765625,,,,-0.004401494957191398,1.1112586348145097,,,,,0.005753659674651508,1.0997513154652068,1.1228810273573058,0.023129711892099003,0.018927892773282426
135,2020-01-06,1.1161960363388062,3.246280029296875,,,,-0.0008483365294456542,1.1118405130174425,,,,,0.005419430735657275,1.1010016515461278,1.1227877631034702,0.021786111557342336,0.01899755789872057
136,2020-01-07,1.1197994947433472,3.237179931640625,,,,0.0032283382911487374,1.112530266797101,,,,,0.0051988861509410025,1.102132494495219,1.1230320168220018,0.020899522326782716,0.019034750603417135
137,2020-01-08,1.1154738664627075,3.253050048828125,,,,-0.0038628596467004677,1.1130328487466883,,,,,0.004786933891178132,1.103458980964332,1.122702455206868,0.01924347424253603,0.01902301617465478
138,2020-01-09,1.1113210916519165,3.274699951171875,,,,-0.003722879518423797,1.1131591664420233,,,,,0.004694199950130562,1.1037707665417622,1.122641450341287,0.018870683799524723,0.01900543738550948
139,2020-01-10,1.1111111640930176,3.26535009765625,,,,-0.00018889910438654614,1.1132549665592335,,,,,0.004624515206249603,1.1040059361467343,1.1225964872758578,0.018590551129123556,0.018977237859876064
140,2020-01-13,1.1116669178009033,3.2881298828125,,,,0.0005001783132468074,1.113379540266814,,,,,0.0045338682830642005,1.1043118037006856,1.1225379541986038,0.018226150497918203,0.01894080414351041
141,2020-01-14,1.1135733127593994,3.28314990234375,,,,0.0017148976262308132,1.1134917559447113,,,,,0.004499651563972077,1.1044924528167672,1.1225810521039348,0.01808859928716755,0.018904481689291184
142,2020-01-15,1.113089919090271,3.2892900390625,,,,-0.00043409236158020324,1.1137584624467072,,,,,0.004247447841200492,1.1052635667643063,1.122338307085932,0.017074740321625814,0.018884227916960754
143,2020-01-16,1.1154004335403442,3.31681005859375,,,,0.002075766216588887,1.1140881291142217,,,,,0.004010034452987367,1.1060680602082469,1.1221883987092562,0.016120338501009357,0.018894846790130565
144,2020-01-17,1.1139578819274902,3.3296201171875,,,,-0.0012933037942931967,1.1142615830456768,,,,,0.0038977913083568655,1.106466000428963,1.1221351214885578,0.015669121059594726,0.01897333854866598
145,2020-01-20,1.1094592809677124,3.006948492118021,,,,-0.004038394119527991,1.114108752321314,,,,,0.004000831569213094,1.106107089182888,1.1221904320911245,0.016083342908236542,0.01905772668859452
146,2020-01-21,1.109693169593811,3.3207900390625,,,,0.00021081316828016103,1.113778657383389,,,,,0.003983819969911346,1.1058110174435662,1.12182597372261,0.0160149562790437,0.019018445502085507
147,2020-01-22,1.108561396598816,3.32175,,,,-0.001019897234664775,1.1136347806012188,,,,,0.004097864339260673,1.1054390519226975,1.1219124665665254,0.0164734146438279,0.018968897751637438
148,2020-01-23,1.1096439361572266,3.3255400390625,,,,0.000976526479933354,1.1134846519540857,,,,,0.004166496273639825,1.105151659406806,1.1219009744268382,0.016749315020032185,0.018904655940096566
149,2020-01-24,1.1055220365524292,3.295469970703125,,,,-0.0037146146349177427,1.1131285031636555,,,,,0.0044136003421560415,1.1043013024793435,1.1220439758548106,0.01774267337546709,0.018844866834599565
150,2020-01-27,1.1025358438491821,3.2436298828125,,,,-0.0027011607227292486,1.1127930614683363,,,,,0.004841044877938082,1.10311097171246,1.1225719721217713,0.019461000409311202,0.01884292865809371
151,2020-01-28,1.101976990699768,3.276239990234375,,,,-0.0005068798012615987,1.1123998165130615,,,,,0.005254757975940111,1.1018903005611813,1.1230144276244605,0.021124127063279152,0.01890753380795194
152,2020-01-29,1.1022562980651855,3.27339990234375,,,,0.00025346025168830166,1.1121876769595676,,,,,0.005536792845149729,1.101114091269268,1.12337199850677,0.022257907237501984,0.019037201140897513
153,2020-01-30,1.1016855239868164,3.283659912109375,,,,-0.0005178233768054062,1.11190249743285,,,,,0.005862500054569128,1.1001774973237117,1.1237447475430795,0.023567250219367786,0.019234464177090977
154,2020-01-31,1.1029127836227417,3.22552001953125,,,,0.0011139836270917356,1.1116764412985907,,,,,0.006082962129623111,1.0995105170393444,1.1239640248004295,0.024453507761085014,0.019468090374636746
155,2020-02-03,1.1089794635772705,3.248919921875,,,,0.00550059809317067,1.1116554781242654,,,,,0.006091239444291971,1.0994729992356813,1.123959781801735,0.024486782566053744,0.019702408707851005
156,2020-02-04,1.1062926054000854,3.297590087890625,,,,-0.002422820498873779,1.1115140208491572,,,,,0.006169290736645357,1.0991754393758664,1.1239759881371807,0.024800548761314323,0.019946352903047134
157,2020-02-05,1.1047282218933105,3.33468994140625,,,,-0.0014140775226542804,1.1110139378794917,,,,,0.0061518086638531816,1.0987103205517852,1.123440591380475,0.024730270828689838,0.020132694619975702
158,2020-02-06,1.1002310514450073,3.345780029296875,,,,-0.004070838744932089,1.110273246411924,,,,,0.006201360011210034,1.0978705263895039,1.1227999936345683,0.024929467245064396,0.02026099162433325
159,2020-02-07,1.0982975959777832,3.3277099609375,,,,-0.001757317669488408,1.1093923206682559,,,,,0.006150393391795524,1.0970915338846647,1.1218161153196828,0.0247245814350181,0.020330256695596433
160,2020-02-10,1.0949305295944214,3.352090087890625,,,,-0.0030657140611914137,1.108386688762241,,,,,0.006212691933994263,1.0959613048942525,1.1209363264689094,0.02497502157465692,0.02038048784972866
161,2020-02-11,1.0913456678390503,3.35775,,,,-0.003274054068707884,1.107431204230697,,,,,0.006752761326584647,1.0939256815775278,1.1210717821103982,0.027146100532870365,0.020529242984572045
162,2020-02-12,1.091941475868225,3.379449951171875,,,,0.0005459388777842965,1.106532887176231,,,,,0.007129789688222368,1.0922733077997862,1.1209350623464402,0.028661754546654095,0.02078389642862063
163,2020-02-13,1.0875948667526245,3.37393994140625,,,,-0.003980624613736288,1.1053401231765747,,,,,0.0074950565122497426,1.090350010152075,1.1204801373313191,0.030130127179244015,0.021125770682415494
164,2020-02-14,1.0845986604690552,3.380159912109375,,,,-0.0027548918951001526,1.1041965970286616,,,,,0.008185256538370605,1.0878260839519203,1.1207308152361701,0.032904731284249866,0.021631743165441933
165,2020-02-17,1.0841753482818604,3.006948492118021,,,,-0.0003902938502724638,1.103191199126067,,,,,0.008885604605342892,1.0854199899153811,1.1211401204288596,0.03572013051347844,0.02225579674744022
166,2020-02-18,1.0840108394622803,3.3702900390625,,,,-0.00015173635873641877,1.1021874833990026,,,,,0.009447156143088891,1.0832931711128249,1.1212707388080423,0.03797756769521743,0.022973834398036286
167,2020-02-19,1.079540491104126,3.38614990234375,,,,-0.004123896362855373,1.1009976157435664,,,,,0.010173525711000404,1.0806505643215656,1.1215481376797871,0.04089757335822153,0.02381351672619567
168,2020-02-20,1.081009864807129,3.37322998046875,,,,0.0013611103197251012,1.0997915621157046,,,,,0.010534960586540496,1.0787216409426237,1.1210721825005163,0.04235054155789264,0.024712107180666968
169,2020-02-21,1.078799843788147,3.33775,,,,-0.0020444041177887307,1.098521559326737,,,,,0.010915268107142932,1.0766910231124511,1.1205704009031656,0.04387937779071449,0.025704871531373956
170,2020-02-24,1.0839051008224487,3.225889892578125,,,,0.0047323486962835715,1.0973550655223705,,,,,0.010730483500167417,1.0758940985220358,1.1190306421927088,0.04313654367067299,0.02670547172284298
171,2020-02-25,1.0849199295043945,3.1282099609375,,,,0.0009362707871526447,1.0962795858029966,,,,,0.010464433275977058,1.0753507192510425,1.1174177410204702,0.04206702176942767,0.02768317174913309
172,2020-02-26,1.0881996154785156,3.116389892578125,,,,0.003022975138468787,1.0954921907848783,,,,,0.01024055051937362,1.075011089746131,1.116178102834013,0.041167013087882065,0.02861219657060144
173,2020-02-27,1.0885894298553467,2.978760009765625,,,,0.00035821955024275675,1.0947105707945648,,,,,0.0099274121573743,1.0748557464798163,1.114763943352461,0.039908196872644686,0.02949713140740148
174,2020-02-28,1.0997228622436523,2.954219970703125,,,,0.010227393434993293,1.0943832176702994,,,,,0.009605803022556397,1.0751716116251866,1.1137869397758633,0.0386153281506767,0.030317202278025507
175,2020-03-02,1.1051311492919922,3.09022998046875,,,,0.0049178636127522775,1.0942160774160314,,,,,0.00937530924563219,1.075465458924767,1.1131542020922085,0.03768874316744153,0.031092736653855483
176,2020-03-03,1.1144047975540161,3.0033701171875,,,,0.008391445909352148,1.0945450685642384,,,,,0.009907050972540996,1.0747309666191565,1.1145573115287712,0.039826344909614786,0.031910650414379474
177,2020-03-04,1.118067979812622,3.1301201171875,,,,0.003287119964528329,1.0951203328591805,,,,,0.010767888773019263,1.073584555313142,1.1168714681806795,0.0432869128675375,0.032793091616536
178,2020-03-05,1.113908290863037,3.02393994140625,,,,-0.0037204257922510997,1.0955622328652277,,,,,0.011273176522591244,1.073015879820045,1.118334049440862,0.04531816962081692,0.03368916726681518
179,2020-03-06,1.1223849058151245,2.9723701171875,0.010523982280133055,0.685604283082278,,0.007609796086103162,1.0963077368559662,0.2,1.6548045799661544,0.9131386210677002,0.369386770367591,0.012309167102470764,1.0716894026510246,1.1211722544029572,0.049482851751932566,0.03469749854512742
180,2020-03-09,1.1386020183563232,2.74656005859375,0.010556698383365233,0.6877356341150603,,0.01444879778512449,1.097675014425207,0.2,1.6415601805185536,0.9053604226789689,0.3589452015261506,0.014656981166801213,1.0683610520916045,1.1272821163821454,0.05892106429054089,0.03600689906628198
181,2020-03-10,1.1397960186004639,2.88222998046875,0.01070750606930795,0.6975602796391448,,0.0010486546000193064,1.0990410601651226,0.2,1.6304244981728844,0.8983253089681211,0.35424462902352394,0.016662990925219712,1.0657150783146832,1.1327003018340664,0.0669852235193833,0.03758214779807081
182,2020-03-11,1.1316505670547485,2.7413798828125,0.010734588005029239,0.699324582412604,,-0.007146411649794139,1.0998807306642886,0.2,1.6115533409182763,0.8873210864112456,0.3457513127339048,0.017682659446710457,1.0645154117708677,1.1355997027466438,0.07108429097577607,0.03930798144287534
183,2020-03-12,1.1261515617370605,2.480639892578125,0.010708170788171873,0.6976035839785117,,-0.004859278542138485,1.100616247565658,0.2,1.588607417893018,0.8741791807803614,0.33614147576340114,0.018335052290648805,1.0639461429843604,1.1376530531927687,0.07370691020840825,0.041119328163138076
184,2020-03-13,1.1184931993484497,2.71102001953125,0.01062738648882905,0.6923407414384024,,-0.006800472200027862,1.1011260615454779,0.2,1.574001547537442,0.8660708830049811,0.3337539086244617,0.01863127730830977,1.0638635069288582,1.1387612417082635,0.07489773477940531,0.04297738238353494
185,2020-03-16,1.115536093711853,2.3861298828125,0.010585784538390966,0.6896305054606424,,-0.0026438297866444496,1.1016929149627686,0.2,1.5709391367751786,0.8644698981136387,0.33526136122543443,0.018827219863412122,1.0640384752359444,1.139723899086861,0.07568542385091659,0.04485723262819614
186,2020-03-17,1.1163206100463867,2.52918994140625,0.010555545843537444,0.6876605497770861,,0.0007032639633588896,1.1023604340023465,0.2,1.569438614268721,0.8637250342311386,0.33429856705137884,0.0190135859590609,1.0643332620842247,1.1407678776396495,0.07643461555542475,0.046772419077100086
187,2020-03-18,1.101552128791809,2.39810009765625,0.010523203738763144,0.6855535635653158,,-0.013229605475047135,1.1026056784170646,0.2,1.563647916774649,0.8605116501048168,0.3482927488594354,0.01895879561848386,1.0646880871800968,1.140902445566402,0.0762143583863053,0.048670172292346325
188,2020-03-19,1.0961546897888184,2.409389892578125,0.010473628000970533,0.6823238604678731,0.3293702647524351,-0.004899848914922143,1.10278379034113,0.2,1.5760049806953516,0.8678452666610194,0.3657124285174258,0.018874577274741785,1.0650346357916465,1.1409104364361085,0.07587580064446198,0.05047497600018305
189,2020-03-20,1.0657345056533813,2.304919921875,0.010849863757247873,0.7068344344204153,0.34015617423364763,-0.027751725571960713,1.1018131618146543,0.2,1.5925802137793728,0.875903695371837,0.41942771763789155,0.02004476240536817,1.061723637003918,1.142303581873498,0.08057994486957987,0.05239787193806919
190,2020-03-23,1.0694386959075928,2.23739990234375,0.011112113458907386,0.72391917609983,0.34656758862172393,0.003475715794657937,1.1011407110426161,0.2,1.643205974851285,0.904079403648151,0.4645809661410302,0.020800760753681688,1.0595391895352528,1.143158247765053,0.0836190582298002,0.05437894345846016
191,2020-03-24,1.0764610767364502,2.447330078125,0.01125235192275135,0.7330552701092058,0.34916141466729517,0.006566417369906172,1.1008393190525196,0.2,1.6645708257985001,0.9158512167718681,0.4890163527617842,0.02109513442576845,1.0586490502009827,1.143451490592572,0.08480244039158924,0.056301080832806064
192,2020-03-25,1.080263614654541,2.47556005859375,0.011373040820768855,0.7409177715082709,0.35082133906235885,0.003532443485666129,1.1006944400292855,0.2,1.6664224190119634,0.9164354146932207,0.508016727421083,0.021222133593817884,1.0582501728416498,1.1435631498887977,0.08531297704714791,0.058137852926645674
193,2020-03-26,1.0889569520950317,2.630070068359375,0.011382601302042251,0.7415406067368842,0.34893845529714745,0.008047422242644705,1.100877629386054,0.2,1.6636393765275015,0.9147901940206162,0.5172096278149668,0.02109831640231542,1.0586809965814232,1.1434962285187311,0.08481523193730789,0.05987258123190828
194,2020-03-27,1.1048258543014526,2.541469970703125,0.011287424612746474,0.7353401453436755,0.34393305723151224,0.014572570730083407,1.1018141243192885,0.2,1.6624541212746928,0.9144882236269825,0.5194335325645232,0.020687612307611333,1.060438899704066,1.1436031011806633,0.08316420147659742,0.06143801190295924
195,2020-03-30,1.113908290863037,2.62664990234375,0.011242226114577994,0.7323956056144805,0.34051255037823935,0.008220695167680536,1.1030325845435813,0.2,1.6772767278782899,0.9232277584636805,0.5166850605661111,0.02039313011383847,1.0622463243159044,1.144226707373535,0.08198038305763067,0.06290578381035694
196,2020-03-31,1.1030466556549072,2.584590087890625,0.011193528033927995,0.7292230791142645,0.33708344259268125,-0.009750924108585702,1.1039306146127206,0.2,1.6974285396573436,0.9350582152675089,0.5186842279706759,0.019832402886687913,1.0642658088393449,1.14399206844383,0.0797262596044852,0.06423344609975586
197,2020-04-01,1.102657437324524,2.4705,0.011176534099877783,0.7281159778610404,0.33459677959669465,-0.0003528575408736558,1.104625145594279,0.2,1.6987062889043734,0.9358642036203064,0.5207045251943068,0.01944348811697443,1.0657381693603303,1.1439009915905674,0.07816282223023707,0.06553071567603601
198,2020-04-02,1.0953621864318848,2.52689990234375,0.011188329908821503,0.7288844376435604,0.3328136175861994,-0.006616062836650591,1.1050118958508526,0.2,1.6983383208159761,0.9356043674838206,0.5265512716824542,0.019149313438937565,1.0667132689729775,1.1436935089975064,0.07698024002452897,0.06682379783363236
199,2020-04-03,1.0847399234771729,2.48864990234375,0.011280621784837012,0.73489696254199,0.33427400733216966,-0.009697489183293493,1.1048837591100622,0.2,1.693458035943945,0.9324159340901534,0.5381865610399713,0.019272561880555972,1.0663386353489503,1.1438143341087852,0.07747569875983484,0.06816856396963061
200,2020-04-06,1.0806955099105835,2.663679931640625,0.011420632940476131,0.7440182481380985,0.3374972567889598,-0.0037284638271861906,1.1045913917047006,0.2,1.687578194859884,0.9284586986010106,0.5470195367337433,0.019575033822835188,1.0654413240590301,1.1441329600268277,0.0786916359677976,0.06960498763982145
201,2020-04-07,1.0803803205490112,2.659409912109375,0.011555556454381517,0.7528080899070904,0.34056898822024867,-0.00029165417888924545,1.1038750012715657,0.2,1.6821023492838447,0.9247551517115705,0.555703051411993,0.020087336348895736,1.0637003285737743,1.144451420696335,0.08075109212256071,0.07116557149063198
202,2020-04-08,1.0895144939422607,2.74997998046875,0.011590174938354746,0.7550633750504973,0.3409347371312839,0.008454590683961965,1.103296606628983,0.2,1.6767021072708028,0.9214982040670148,0.560194831627778,0.020266870317092206,1.0627628659947987,1.1442356846695094,0.08147281867471068,0.07278720391682712
203,2020-04-09,1.0863661766052246,2.789820068359375,0.011674632979446266,0.7605655502890851,0.34253638841232514,-0.002889651633402666,1.1022581391864352,0.2,1.6721442131124693,0.9185273761327994,0.5641683391106189,0.020389061370434818,1.0614800164455656,1.1434440431547135,0.08196402670914793,0.07434785879829132
204,2020-04-10,1.0927408933639526,3.006948492118021,0.011709575172076719,0.762841924031461,0.34228972082083664,0.005867926391677914,1.1013200989475957,0.2,1.6656506162592208,0.9146378700735103,0.5644097614816141,0.02022204729855728,1.0608760043504812,1.1421686344906814,0.08129263014020016,0.0757554779565381
205,2020-04-13,1.0932666063308716,2.7616298828125,0.011734870872141766,0.7644898591805823,0.3415535615899938,0.0004810957200481096,1.100555592113071,0.2,1.6627913028781829,0.9128854016603958,0.5682478899277026,0.020121628106062134,1.0603123359009468,1.1412012808873164,0.08088894498636967,0.07707291408118822
206,2020-04-14,1.0922993421554565,2.84606005859375,0.011683141325327594,0.7611198422123236,0.33860034912835074,-0.0008847468401703851,1.0994413119775277,0.2,1.6631723694959026,0.9133132235523398,0.5734538270226364,0.01971076107382241,1.0600197898298829,1.139257049346649,0.07923725951676608,0.07817492918358947
207,2020-04-15,1.098538875579834,2.783360107421875,0.011632140221661041,0.7577972810197111,0.33579206144326784,0.005712292577293733,1.0979574918746948,0.2,1.6630580397876547,0.9134520977057642,0.5773236551605396,0.018153346521073557,1.0616507988325476,1.1346272518472633,0.07297645301471567,0.07869549913633668
208,2020-04-16,1.0905101299285889,2.799550048828125,0.011620303236352207,0.7570261387267563,0.3342001097156137,-0.007308567616241493,1.0961320885905512,0.2,1.662846841424286,0.9133777124296484,0.5816763058947504,0.016230654565669696,1.0636707794592117,1.128918010813204,0.06524723135399224,0.078631129056137
209,2020-04-17,1.0858471393585205,2.87456005859375,0.011654636172302998,0.7592628213163011,0.3341093553040799,-0.004275971806308403,1.0944356653425429,0.2,1.6618920887934743,0.9126885541612673,0.5855311948211854,0.014756339321625931,1.064922986699291,1.1242434707722273,0.05932048407293622,0.07819543250417997
210,2020-04-20,1.0866966247558594,2.823159912109375,0.011662955343200053,0.7598047890854298,0.33365250212978786,0.0007823250313489914,1.0929743713802762,0.2,1.6634171238987912,0.9135356264838207,0.5911048618913526,0.013437891780509309,1.0660985878192575,1.120118912776905,0.054020324957647414,0.07746629971711476
211,2020-04-21,1.0864840745925903,2.73656005859375,0.011661843555717684,0.7597323596343437,0.33331664652873955,-0.00019559291749598941,1.0917888482411702,0.2,1.663539459774739,0.9136107244856153,0.5973880430122417,0.012514499845125988,1.0667598485509182,1.1170681379283247,0.0503082893774065,0.07655557951704074
212,2020-04-22,1.0856467485427856,2.79931005859375,0.01169582125591788,0.7619458997341324,0.33398524395679724,-0.0007706749407428433,1.0906818354571308,0.2,1.6631045799771953,0.9132231464200242,0.603436897051626,0.011657534372019612,1.0673667667130915,1.1142300548886104,0.04686328817551888,0.07548809301054453
213,2020-04-23,1.080964207649231,2.797800048828125,0.011791713960140721,0.7681930072435809,0.33638615305016645,-0.004313134912290623,1.0893723390720509,0.2,1.6622932690344454,0.9123695054191924,0.609214638674027,0.010645874444862227,1.0680805901823265,1.1108770054506727,0.04279641526834621,0.07424223374065274
214,2020-04-24,1.077702283859253,2.836739990234375,0.011933665768733934,0.777440720264393,0.3397840176788381,-0.0030176057328222933,1.088489011481956,0.2,1.6610788334560884,0.9110980866356158,0.6133497072130819,0.010587922955458606,1.0673131655710388,1.1098766158519824,0.04256345028094355,0.07299590381082453
215,2020-04-27,1.08236825466156,2.87847998046875,0.012027513493281293,0.7835546037919868,0.3416022153030851,0.004329554527432458,1.0879784027735393,0.2,1.660027685037531,0.9101141885294659,0.6157506167675372,0.010538241831197764,1.0669019191111437,1.1092656512725587,0.04236373216141498,0.0717547160892302
216,2020-04-28,1.0824854373931885,2.863389892578125,0.01212045996468202,0.7896097735170463,0.3429641093718682,0.00010826512245137789,1.0885988076527913,0.2,1.6592856693679834,0.9093123914713026,0.6184152182379739,0.00966755159531852,1.0692637044621542,1.1081272618753346,0.03886355741318037,0.07020966470195614
217,2020-04-29,1.0836584568023682,2.939510009765625,0.01219634232243399,0.7945532700091816,0.34346628479042907,0.0010836352792001713,1.089125465463709,0.2,1.659050440769887,0.9088717429237676,0.6196925288032827,0.00897170488400242,1.0711820556957041,1.1072483093293939,0.03606625363368976,0.06844844971691501
218,2020-04-30,1.087725043296814,2.912429931640625,0.012240452816404826,0.7974269296933462,0.3429118849246245,0.003752645927246654,1.089542649410389,0.2,1.6587471171078654,0.908519414133617,0.621289485097587,0.008628431651356589,1.0722857861076758,1.1069720813461292,0.03468629523845346,0.0665922961927248
219,2020-05-01,1.094546914100647,2.8307099609375,0.012249081476754405,0.7979890597250644,0.3414477573251056,0.006271686807133191,1.0900716605009857,0.2,1.6592133448825948,0.9087539314708342,0.6235243064280347,0.008479892643996765,1.0731118752129922,1.1072010436418591,0.03408916842886689,0.06469511809575143
220,2020-05-04,1.0959625244140625,2.842739990234375,0.012229294468887403,0.7966999985140236,0.3392892875540639,0.0012933299570614455,1.090331126142431,0.2,1.6607817075574236,0.9097389284671688,0.6262869256167789,0.00854871365100733,1.0732336988404165,1.107599527717466,0.03436582887704942,0.06282662168611222
221,2020-05-05,1.0904293060302734,2.86843994140625,0.012249670329625581,0.7980274216340678,0.33819991940377886,-0.005048729550991994,1.089797920650906,0.2,1.6621070296556346,0.910422260179454,0.6288604957459766,0.008063199010493141,1.0736715226299198,1.1060855826521023,0.0324140600221825,0.060946986817430195
222,2020-05-06,1.0838581323623657,2.848419921875,0.0123189820511386,0.8025428618801844,0.3383670800246045,-0.006026226213444488,1.0886849518175479,0.2,1.6617286051666915,0.9099253320182203,0.631790879613815,0.0065994838657165485,1.0754859840861148,1.1020159092262953,0.026529925140180488,0.05889326615382093
223,2020-05-07,1.0798553228378296,2.88118994140625,0.012424203678138651,0.8093977193118913,0.3394878721515992,-0.00369311204577268,1.0878260135650635,0.2,1.6617722591027433,0.9095278360105475,0.6339656434653658,0.006169578726415416,1.0754868561122326,1.1002885625924226,0.024801706480189978,0.0568590234455137
224,2020-05-08,1.0837171077728271,2.929800048828125,0.012497141889577248,0.8141494139491071,0.3399108238698099,0.003576205861400855,1.0871245198779635,0.2,1.6627577687533157,0.9098038187187856,0.63498238355135,0.005481772487487445,1.0761609749029886,1.0981977003026882,0.022036725399699586,0.05478027911845675
225,2020-05-11,1.0839520692825317,2.93018994140625,0.012568445232850143,0.8187946020770146,0.3403479631715338,0.0002168107414927359,1.086701922946506,0.2,1.6630631702419718,0.9096937026675332,0.6355722114643596,0.00526599437113921,1.0761699342042277,1.0973392315762072,0.02116929737197948,0.05271320716836233
226,2020-05-12,1.080940842628479,2.8701201171875,0.012660567774836408,0.824796095397033,0.3413448601852951,-0.0027780072010433693,1.0865612162484064,0.2,1.6626133705836093,0.9090639290028922,0.6368098330717193,0.005366338360373887,1.0758285395276586,1.0974012197363616,0.021572680208703066,0.05064272499980189
227,2020-05-13,1.0846810340881348,2.82,0.01272148963924535,0.8287649628903752,0.3415366826125967,0.003460125949687398,1.0867088282549824,0.2,1.6620294127198412,0.9084820383726696,0.6386943205551432,0.005256654064099846,1.0761955201267828,1.097327269464464,0.02113174933768125,0.04851087734683462
228,2020-05-14,1.08236825466156,2.8525,0.012803680104823061,0.8341194127296704,0.3421909783642531,-0.0021322207671115086,1.086782455444336,0.2,1.6624052674469705,0.9083688629887365,0.6405392768793322,0.005180874107478897,1.076420707229378,1.0972478211414434,0.020827113912065265,0.0462914707464459
229,2020-05-15,1.0806955099105835,2.863699951171875,0.012898698367668715,0.8403095531388762,0.3429442117229076,-0.0015454488283191603,1.0864558264061257,0.2,1.6627399879585183,0.9081804061302248,0.6422387866274647,0.005275469651826303,1.075904887102473,1.0971122751028148,0.02120738800034183,0.04405941775850631
230,2020-05-18,1.0821340084075928,2.953909912109375,0.012980233356839855,0.8456213007557769,0.3430572215589495,0.0013310858459366583,1.086299079435843,0.2,1.662831955465999,0.9079059591742392,0.6423573582321891,0.0053383044730240265,1.0756224704897948,1.0970824544713516,0.021459983981556796,0.04181852728711405
231,2020-05-19,1.0915124416351318,2.92293994140625,0.012999381718436126,0.8468687561747388,0.34153312815409986,0.00866660982343567,1.0862535812236644,0.2,1.6630157790701843,0.9079351678773251,0.6429919718013533,0.005288207152048242,1.075677166919568,1.0969357596708018,0.021258592751233873,0.03959504442085603
232,2020-05-20,1.0927767753601074,2.971610107421875,0.0130127789966013,0.847741546630594,0.340025703672213,0.0011583319408449073,1.0862354393358584,0.2,1.664687493759308,0.9088465269936886,0.6431784643215266,0.005264905809608014,1.0757056277166424,1.0968705490712667,0.021164921354624333,0.03738304354560621
233,2020-05-21,1.0982975959777832,2.948510009765625,0.013014860819420385,0.8478771708271566,0.3385127252142339,0.005052102810161281,1.0864575968848333,0.2,1.6657463061668507,0.9094494784471787,0.6433031280185262,0.005629984027510705,1.075197628829812,1.097830164620405,0.02263253579059299,0.03528657229648869
234,2020-05-22,1.0952903032302856,2.955449951171875,0.013018570282070678,0.8481188306298127,0.3372371041314997,-0.0027381401530067553,1.0863372793904058,0.2,1.6673626748637438,0.9103678013001963,0.6435573800217769,0.005400548636203027,1.0755361821179998,1.0972463876355358,0.021710205517535996,0.03338782238918574
235,2020-05-25,1.0907801389694214,3.006948492118021,0.013031644230553648,0.8489705571757271,0.33636497776715485,-0.00411777977725417,1.0863472797252514,0.2,1.6680019890263904,0.9106843938141533,0.643532928682051,0.005408510474372992,1.0755302587765054,1.097272470883485,0.021742212106979464,0.03177652538003711
236,2020-05-26,1.0902997255325317,2.99177001953125,0.01305699233561417,0.8506219063451685,0.33598787197079805,-0.0004404310453833045,1.086512190324289,0.2,1.6683444701036474,0.9107802989743591,0.643434921033678,0.005458398281912806,1.0755953937604632,1.0975381548537528,0.02194276109328963,0.030392165269679833
237,2020-05-27,1.0981770753860474,3.0361298828125,0.013050471744764728,0.8501971103985767,0.33496937625860984,0.007224939774856969,1.086937392199481,0.2,1.6684710032954049,0.9108795487667842,0.6434588732727331,0.00588656674451551,1.07516425871045,1.0988282570234023,0.023663998312952295,0.029267856875431868
238,2020-05-28,1.1016855239868164,3.02972998046875,0.01304968287175327,0.8501457178077241,0.3343158461392526,0.0031947931525848883,1.0875004088437115,0.2,1.6680936257824617,0.9106648356398839,0.6434818963011117,0.006510214943128126,1.0744799789574553,1.1006510430288303,0.02617106407137504,0.02837388556780107
239,2020-05-29,1.1079105138778687,3.04431005859375,0.013056497177976686,0.850589648385394,0.33408524790534727,0.005650423605935245,1.088324992745011,0.2,1.667698428565344,0.9104092903937405,0.6436636223415995,0.007550119574405423,1.0732247535962,1.10357623428531,0.030351480689109867,0.027762337142378517
240,2020-06-01,1.1118524074554443,3.05572998046875,0.013080575885530642,0.8521583003073231,0.33444375736249093,0.0035579530369997205,1.0894690001452412,0.2,1.6670901157042488,0.9099613458071979,0.6438183252062323,0.008613378928851367,1.0722422422875384,1.1068680255815209,0.03462578329398247,0.027459721143328005
241,2020-06-02,1.1125946044921875,3.080820068359375,0.013107136066146139,0.8538886123797598,0.3348460909319506,0.0006675319779553622,1.0907613083168313,0.2,1.665487988645996,0.9089296452222986,0.6441226696688381,0.009338062969533658,1.072085182377764,1.1096241955152892,0.03753901313752528,0.02727363087875696
242,2020-06-03,1.118943691253662,3.1228701171875,0.01317266739666266,0.8581577720649696,0.33610834521986255,0.0057065590070630185,1.0921159541165386,0.2,1.6609811761620916,0.9060643427825027,0.6450414147450487,0.010591123008000759,1.070933708100537,1.1135100225927002,0.04257631449216315,0.0272815042984143
243,2020-06-04,1.1235954761505127,3.11235009765625,0.013267618805813574,0.864343557166628,0.33787736763491855,0.0041573002584595975,1.0936385481445878,0.2,1.6572505092766618,0.903528967441336,0.6456603667178763,0.011963308865072355,1.0697119304144431,1.117804432052034,0.04809250163759082,0.02762331704746654
244,2020-06-05,1.1337867975234985,3.193929931640625,0.013463920295929336,0.8771319806755564,0.3417137870492069,0.009070276259834859,1.0954951533564814,0.2,1.6535722836336242,0.9006167224306185,0.6478606252082001,0.013988714577560051,1.0675177242013614,1.1237523568031527,0.05623463260179129,0.028370294046285112
245,2020-06-08,1.1319515705108643,3.232389892578125,0.013637516206260043,0.8884412072097915,0.3445302911854453,-0.001618670297310673,1.0971331728829279,0.2,1.6481340346090372,0.8967795261398351,0.6509205398910498,0.01549160284561282,1.0661499671917023,1.1284262106310659,0.062276243439363554,0.029392143979652154
246,2020-06-09,1.1305567026138306,3.207179931640625,0.01377194319058542,0.8971987016412766,0.3460512524272948,-0.0012322681759292667,1.0984668687537864,0.2,1.6411127390636786,0.892185694839592,0.6529718590614166,0.016713424394270003,1.0650400199652463,1.1322279860302118,0.06718796606496547,0.03061802537358173
247,2020-06-10,1.1332215070724487,3.190139892578125,0.013947794269746058,0.9086548453184445,0.3481151957721062,0.0023570728053331383,1.0998468310744673,0.2,1.633680774776657,0.8871883500228255,0.6543694903356772,0.017942643325282333,1.0639615444239028,1.1360909705915376,0.07212942616763485,0.032016677125084894
248,2020-06-11,1.1365444660186768,3.00210009765625,0.01416880118910703,0.9230527496926038,0.35069257838826684,0.0029323119315062427,1.1015547999629267,0.2,1.6249950556157264,0.8812857372231845,0.6509992551543584,0.019121058306415237,1.0633126833500963,1.1401793377418854,0.07686665439178908,0.0336630695091444
249,2020-06-12,1.1288082599639893,3.04131005859375,0.014296209101950091,0.9313529737350441,0.3506185263056334,-0.006806778164859211,1.1032196195037276,0.2,1.6159533332749365,0.875553592060922,0.6498324898200759,0.019461592467977264,1.064296434567773,1.1425320362890417,0.07823560172126864,0.035578094567703215
250,2020-06-15,1.1252011060714722,3.066590087890625,0.014389091707367655,0.9374039827925507,0.3495313795995884,-0.0031955417234740676,1.1048990929568256,0.2,1.610657661452904,0.8721229582717506,0.6494310300055453,0.019329008186129027,1.0662410765845676,1.1439436894928063,0.07770261290823877,0.037537387398371695
251,2020-06-16,1.1337740421295166,3.124739990234375,0.014563392731001807,0.9487591452365992,0.35005053559590055,0.007619025622873752,1.1067530534885548,0.2,1.6091044457725348,0.8705259874315663,0.6495816460191722,0.019607035457031307,1.067538982574492,1.146359265111758,0.07882028253726592,0.039640482107170444
252,2020-06-17,1.1265701055526733,3.113489990234375,0.01465673828720134,0.9548403140787315,0.34856406685758606,-0.006353943827565881,1.1083314992763378,0.2,1.6035906430248645,0.8669675540583757,0.6497091295257658,0.01942252231786316,1.0694864546406115,1.1475649943584214,0.07807853971780987,0.04174823182368268
253,2020-06-18,1.1242902278900146,3.115340087890625,0.014735064625349287,0.9599430281923573,0.34679600744150707,-0.002023733499958467,1.109937032063802,0.2,1.6006333354351348,0.8649454713007706,0.6500812972736897,0.018875971561047065,1.072185088941708,1.148066494617117,0.07588140567540913,0.04375966610022735
254,2020-06-19,1.1211000680923462,3.097739990234375,0.014791968080599602,0.9636501089915568,0.34490116769075346,-0.0028374877932146707,1.111285885175069,0.2,1.5990666622640684,0.8638123442671243,0.6503765040637417,0.018315937379460995,1.074654010416147,1.1482840786815802,0.07363006826543317,0.04570404828273668
255,2020-06-22,1.1177555322647095,3.117860107421875,0.014829282334914307,0.9660810150779798,0.34291254393852366,-0.002983262531887765,1.112596525086297,0.2,1.5982658734182584,0.8632001016834902,0.6509424155185015,0.017445187362408333,1.0777061503614804,1.1478358035583618,0.07012965319688136,0.047530068256248385
256,2020-06-23,1.1279679536819458,3.1312900390625,0.014938637637777787,0.9732051684664264,0.3426678616950401,0.009136542940248045,1.114347356337088,0.2,1.5979740318077866,0.8625922984343067,0.6516989698477824,0.016502382715648918,1.08134259090579,1.1476821694226989,0.06633957851690875,0.049201630867973085
257,2020-06-24,1.1312345266342163,3.050330078125,0.015076964653766558,0.9822167376712628,0.34317425706383253,0.002895980281716041,1.1161658940491852,0.2,1.595459011207145,0.8605845371308538,0.6507816075252859,0.015529015547569918,1.0851078629540454,1.1475345054552764,0.06242664250123098,0.05071891451684991
258,2020-06-25,1.1250872611999512,3.083760009765625,0.015156307632999376,0.9873856827479968,0.34266955417302464,-0.0054341211212454886,1.1174094058849193,0.2,1.595533153369765,0.8603086043745469,0.6509522837186235,0.014833777939735445,1.0877418500054485,1.1473736373231849,0.05963178731773633,0.05214014394523889
259,2020-06-26,1.1222084760665894,3.009050048828125,0.015202741003226775,0.9904106705005842,0.34161884105833784,-0.0025587216499913753,1.1184994688740484,0.2,1.5958525665750738,0.8603064866339557,0.6505137445813265,0.014043963136251737,1.0904115426015448,1.1468682744092769,0.05645673180773203,0.053447248036094734
260,2020-06-29,1.1225864887237549,3.053239990234375,0.015240979535966254,0.992901790413857,0.3405225418396974,0.00033684708788734625,1.1193990574942694,0.2,1.5970579270285294,0.8608487988900458,0.6506698671016576,0.013488028116427742,1.0924230012614138,1.1466448742894535,0.05422187302803971,0.0546172234893335
261,2020-06-30,1.1247202157974243,3.1002900390625,0.015295718241887055,0.9964678446156517,0.34007624363577776,0.0019007239932980339,1.1204890542560153,0.2,1.5977032617193074,0.8610014902917703,0.6514805431196724,0.01265939930528437,1.0951702556454466,1.1460610408526897,0.050890785207243106,0.055697985700063395
262,2020-07-01,1.1235954761505127,3.006948492118021,0.015349936603109132,1.0,0.339710998083461,-0.0010000172763980977,1.1217044371145743,0.1,1.5980012483852084,0.8609557276134545,0.6507855795564909,0.011245044277995215,1.099214348558584,1.1444194265561247,0.04520507799754081,0.05656698073304715
