,Date,USDCHF=X,S&P,STD,Vol_global,Vol_local,return,Price_MA,Primary risk,FD,Energy,Correlation,STD_short,Price_LB,Price_UB,Price_LB_Price_UB_Distance,Distance_MA
0,2019-07-01,0.9793999791145325,2.964330078125,,,,0.0,,,,,,,,,,
1,2019-07-02,0.9869999885559082,2.973010009765625,,,,0.007759862776642939,,,,,,,,,,
2,2019-07-03,0.9851999878883362,2.995820068359375,,,,-0.0018237089041972783,,,,,,,,,,
3,2019-07-04,0.9855999946594238,3.006948492118021,,,,0.00040601580999307096,,,,,,,,,,
4,2019-07-05,0.98471999168396,2.990409912109375,,,,-0.0008928601666317521,,,,,,,,,,
5,2019-07-08,0.9911999702453613,2.975949951171875,,,,0.0065805291007853105,,,,,,,,,,
6,2019-07-09,0.9940900206565857,2.9796298828125,,,,0.0029157087348468777,,,,,,,,,,
7,2019-07-10,0.9935899972915649,2.993070068359375,,,,-0.0005029960613531679,,,,,,,,,,
8,2019-07-11,0.9879000186920166,2.999909912109375,,,,-0.0057266866766560644,,,,,,,,,,
9,2019-07-12,0.9904999732971191,3.01377001953125,,,,0.0026317993277749797,,,,,,,,,,
10,2019-07-15,0.984000027179718,3.014300048828125,,,,-0.006562288028907742,,,,,,,,,,
11,2019-07-16,0.9840999841690063,3.0040400390625,,,,0.000101582303381455,,,,,,,,,,
12,2019-07-17,0.9879900217056274,2.984419921875,,,,0.003952888526774969,,,,,,,,,,
13,2019-07-18,0.9865999817848206,2.995110107421875,,,,-0.0014069372061138573,,,,,,,,,,
14,2019-07-19,0.9826400279998779,2.976610107421875,,,,-0.004013737946537182,,,,,,,,,,
15,2019-07-22,0.9828400015830994,2.985030029296875,,,,0.00020350644948636306,,,,,,,,,,
16,2019-07-23,0.9824000000953674,3.005469970703125,,,,-0.0004476837400016338,,,,,,,,,,
17,2019-07-24,0.9853799939155579,3.01956005859375,,,,0.0030333813313325976,,,,,,,,,,
18,2019-07-25,0.9846799969673157,3.003669921875,,,,-0.0007103827483452782,,,,,,,,,,
19,2019-07-26,0.9909800291061401,3.025860107421875,,,,0.006398050288649845,,,,,,,,,,
20,2019-07-29,0.9933000206947327,3.020969970703125,,,,0.0023411083174755317,,,,,,,,,,
21,2019-07-30,0.991599977016449,3.013179931640625,,,,-0.0017115107649898658,,,,,,,,,,
22,2019-07-31,0.9897000193595886,2.9803798828125,,,,-0.001916052542252968,,,,,,,,,,
23,2019-08-01,0.9937999844551086,2.95356005859375,,,,0.004142634147034785,,,,,,,,,,
24,2019-08-02,0.9900699853897095,2.932050048828125,,,,-0.0037532693939860483,,,,,,,,,,
25,2019-08-05,0.9825000166893005,2.844739990234375,,,,-0.007645892524889802,,,,,,,,,,
26,2019-08-06,0.9706199765205383,2.88177001953125,,,,-0.01209164373227596,0.9867555543228432,,,,,0.0051032806572697655,0.9765489930083037,0.9970641812505282,0.020515188242224536,
27,2019-08-07,0.9757300019264221,2.88397998046875,,,,0.005264702488611578,0.986619629241802,,,,,0.005340735351850723,0.9759381585381006,0.9974079146525405,0.02146975611443991,
28,2019-08-08,0.9746999740600586,2.938090087890625,,,,-0.0010556484522664066,0.9861640731493632,,,,,0.00579419703497446,0.9745756790794142,0.9978683511600116,0.023292672080597376,
29,2019-08-09,0.9739300012588501,2.91864990234375,,,,-0.0007899587788037146,0.98574666623716,,,,,0.006237587095435911,0.9732714920462882,0.9983465921699406,0.02507510012365244,
30,2019-08-12,0.9714199900627136,2.882699951171875,,,,-0.0025771987646875725,0.9852214808817263,,,,,0.006799475229687382,0.9716225304223516,0.9989564208456948,0.02733389042334322,
31,2019-08-13,0.9692299962043762,2.926320068359375,,,,-0.002254425357456376,0.9846477773454454,,,,,0.0074408201891682305,0.9697661369671089,0.9996782341275652,0.029912097160456286,
32,2019-08-14,0.9757999777793884,2.84060009765625,,,,0.00677855782501683,0.9840774072541131,,,,,0.007506652278497868,0.9690641026971173,0.9992408448566787,0.030176742159561454,
33,2019-08-15,0.9734600186347961,2.84760009765625,,,,-0.0023979905696629453,0.9833133331051579,,,,,0.007498540673644132,0.9683162517578696,0.9984603852659191,0.030144133508049453,
34,2019-08-16,0.9763000011444092,2.888679931640625,,,,0.0029174105307333497,0.9826729628774855,,,,,0.007329958895211537,0.9680130450870624,0.9974794798458129,0.029466434758750437,
35,2019-08-19,0.9793000221252441,2.92364990234375,,,,0.0030728474621718386,0.9823544444861235,,,,,0.007282600750612004,0.9677892429848995,0.9970652980023598,0.029276055017460223,
36,2019-08-20,0.981249988079071,2.900510009765625,,,,0.0019911834062815124,0.9820118524410106,,,,,0.007106805821801042,0.9677982407974085,0.9963676002010488,0.02856935940364025,
37,2019-08-21,0.9778000116348267,2.924429931640625,,,,-0.0035158996037270565,0.9817822222356443,,,,,0.007138948091512466,0.9675043260526194,0.9962028973804995,0.028698571327880118,
38,2019-08-22,0.9818999767303467,2.922949951171875,,,,0.004193050773915526,0.981700740478657,,,,,0.007124569490071481,0.967451601498514,0.9960923708486014,0.028640769350087414,
39,2019-08-23,0.9836599826812744,2.847110107421875,,,,0.0017924493254276492,0.9815403686629401,,,,,0.007029291615817036,0.967481785431306,0.9957395377268906,0.02825775229558458,
40,2019-08-26,0.9728500247001648,2.8783798828125,,,,-0.010989527043322105,0.9810311109931381,,,,,0.007141468670634639,0.9667481736518688,0.9954568777078201,0.028708704055951273,
41,2019-08-27,0.9790999889373779,2.869159912109375,,,,0.0064243861628511464,0.9808999984352677,,,,,0.007143222620005663,0.9666135531952563,0.9953293081276791,0.028715754932422732,
42,2019-08-28,0.98089998960495,2.88793994140625,,,,0.0018384237441628113,0.9808281461397806,,,,,0.007133097055392466,0.9665619520289958,0.9952370021916734,0.028675050162677684,
43,2019-08-29,0.9813299775123596,2.924580078125,,,,0.0004383605994152802,0.9807885156737434,,,,,0.007127223997591234,0.9665340676785609,0.9951855081488776,0.028651440470316758,
44,2019-08-30,0.98580002784729,2.9264599609375,,,,0.004555094043149335,0.9808040724860297,,,,,0.0071376797222004506,0.9665287130416288,0.9952221855248746,0.02869347248324583,
45,2019-09-02,0.989300012588501,3.006948492118021,,,,0.0035504003269850983,0.9809751841757033,,,,,0.0072824558536051095,0.9664102724684931,0.9956857449999856,0.02927547253149254,
46,2019-09-03,0.9903299808502197,2.90627001953125,,,,0.0010411081053398965,0.9809511083143728,,,,,0.007250343686055283,0.9664504209422623,0.9955968025602044,0.02914638161794214,
47,2019-09-04,0.9868299961090088,2.937780029296875,,,,-0.0035341601374181612,0.9807114777741609,,,,,0.006938452505228306,0.9668345727637043,0.994727151834722,0.02789257907101772,
48,2019-09-05,0.9808400273323059,2.976,,,,-0.006069909508548428,0.9803129611191926,,,,,0.0066024866684796304,0.9671079877822334,0.9936499841895214,0.02654199640728805,
49,2019-09-06,0.9862300157546997,2.9787099609375,,,,0.0054952777947424505,0.9801844424671597,,,,,0.006450538675658039,0.9672833651158437,0.9932145305919889,0.025931165476145268,
50,2019-09-09,0.9879999756813049,2.978429931640625,,,,0.0017946725391954185,0.9799696273273892,,,,,0.006079439468151276,0.9678107483910867,0.9922500950530548,0.02443934666196812,
51,2019-09-10,0.992389976978302,2.979389892578125,,,,0.004443321260174944,0.9800555529417815,,,,,0.006235968784600839,0.9675836153725798,0.9926522098866751,0.025068594514095377,
52,2019-09-11,0.991599977016449,3.000929931640625,,,,-0.0007960579814182265,0.9803925885094537,,,,,0.006594578565525825,0.967203431378402,0.9937136372118158,0.02651020583341379,0.027373284673470555
53,2019-09-12,0.9937199950218201,3.009570068359375,,,,0.00213797706182876,0.9812481447502419,,,,,0.006767408412014075,0.9677133279262138,0.9949183097425104,0.027204981816296603,0.027621054805843596
54,2019-09-13,0.990559995174408,3.007389892578125,,,,-0.0031799700753155544,0.9817974037594266,,,,,0.006897815540700591,0.9680017726780255,0.9957309911516418,0.027729218473616313,0.02785288674507235
55,2019-09-16,0.9868599772453308,2.9979599609375,,,,-0.0037352789806796975,0.98224777424777,,,,,0.006816200295633441,0.9686153736565031,0.9960164988449496,0.027401125188446507,0.02800505167499269
56,2019-09-17,0.9929199814796448,3.005699951171875,,,,0.006140693081129445,0.9829511068485401,,,,,0.006900859372739512,0.9691493881030612,0.996890842781474,0.027741454678412825,0.02810380554739122
57,2019-09-18,0.9925400018692017,3.00672998046875,,,,-0.00038268905604746855,0.9837333295080397,,,,,0.006744682195537942,0.9702439651169639,0.9973575875430264,0.027113622426062522,0.028095647473417862
58,2019-09-19,0.9968000054359436,3.0067900390625,,,,0.004292022043161272,0.9847544409610607,,,,,0.006555995883072236,0.9716424491949162,0.9979975526448666,0.0263551034499504,0.027963906965621347
59,2019-09-20,0.9927399754524231,2.992070068359375,,,,-0.0040730637654289355,0.9853818482822843,,,,,0.006479161143087197,0.9724235259961098,0.9984697537913204,0.026046227795210597,0.02781092495212687
60,2019-09-23,0.9913700222969055,2.991780029296875,,,,-0.0013799717845483627,0.9860451817512512,,,,,0.006132171348913356,0.9737808390534245,0.9984321678760562,0.024651328822631657,0.02760748774155584
61,2019-09-24,0.9898200035095215,2.96660009765625,,,,-0.0015635118598732632,0.9865459225795887,,,,,0.005862011740005617,0.9748218990995775,0.9983871862944,0.023565287194822537,0.027388926720669622
62,2019-09-25,0.9858999848365784,2.9848701171875,,,,-0.00396033486800048,0.9867903656429715,,,,,0.005689843945491409,0.9754106777519886,0.9982838504128642,0.022873172660875518,0.027151782929685005
63,2019-09-26,0.9908599853515625,2.9776201171875,,,,0.005030936800152497,0.9871462914678786,,,,,0.005632420459120554,0.9758814505496375,0.9985237807953021,0.022642330245664644,0.026932263331241463
64,2019-09-27,0.9933900237083435,2.9617900390625,,,,0.0025533762531376567,0.9877236993224533,,,,,0.005440526173877263,0.9768426469746988,0.9987135621936853,0.021870915218986542,0.02667938717906022
65,2019-09-30,0.9908999800682068,2.976739990234375,,,,-0.002506612287932326,0.988057032779411,,,,,0.005348432752907762,0.9773601672735955,0.9988608669402848,0.021500699666689216,0.026414940153749174
66,2019-10-01,0.9976000189781189,2.94025,,,,0.0067615693255447685,0.9885733304200349,,,,,0.005567405529166051,0.9774385193617028,0.9998194895889504,0.02238097022724761,0.026197281558625583
67,2019-10-02,0.992680013179779,2.887610107421875,,,,-0.004931842125844785,0.9893077744377984,,,,,0.004682396509404284,0.9799429814189898,0.998766215386795,0.018823233967805164,0.025831153036842396
68,2019-10-03,0.9967300295829773,2.9106298828125,,,,0.004079881078924035,0.9899607389061539,,,,,0.004436172012765953,0.9810883948806219,0.9989218063719411,0.017833411491319118,0.025428103279764483
69,2019-10-04,0.9981499910354614,2.952010009765625,,,,0.0014246199174697584,0.9905996278480247,,,,,0.004326043589795046,0.9819475406684346,0.9993382358994107,0.01739069523097614,0.02501016420821998
70,2019-10-07,0.9939900040626526,2.9387900390625,,,,-0.004167697250082974,0.9910685177202578,,,,,0.003967122803378738,0.9831342721135004,0.9990821057830829,0.015947833669582523,0.024539660252637232
71,2019-10-08,0.9947599768638611,2.89306005859375,,,,0.0007746283142299725,0.9914003676838345,,,,,0.003886463861746661,0.9836274399603412,0.9992510246845628,0.01562358472422165,0.024055590335636336
72,2019-10-09,0.9926000237464905,2.91939990234375,,,,-0.0021713309417415454,0.9915225903193156,,,,,0.0038703458716876594,0.9837818985759402,0.9993406889801246,0.015558790404184397,0.02354756507166196
73,2019-10-10,0.9928799867630005,2.9381298828125,,,,0.0002820501811528388,0.9916170349827519,,,,,0.0038712040274818675,0.9838746269277882,0.9994368671182653,0.015562240190477139,0.02304444872249659
74,2019-10-11,0.9961299896240234,2.97027001953125,,,,0.003273308863459569,0.9919614791870117,,,,,0.0038435884388406797,0.9842743023093303,0.9997255278334699,0.015451225524139578,0.02258365785038999
75,2019-10-14,0.9977999925613403,2.96614990234375,,,,0.0016764909747845418,0.9925896260473464,,,,,0.003325679237276427,0.9859382675727935,0.9993074981066448,0.013369230533851306,0.0220957776328553
76,2019-10-15,0.9976199865341187,2.995679931640625,,,,-0.00018040291497658405,0.9930114768169545,,,,,0.003212699684661321,0.9865860774476318,0.9995011301799703,0.012915052732338506,0.02161369938308468
77,2019-10-16,0.998520016670227,2.98968994140625,,,,0.0009021773303031328,0.9934011079646923,,,,,0.0032192062062802026,0.9869626955521319,0.9999039045013783,0.012941208949246441,0.021187842430761654
78,2019-10-17,0.9942200183868408,2.997949951171875,,,,-0.004306371641627647,0.9934688872761197,,,,,0.003216467936418596,0.9870359514032825,0.9999661525076853,0.012930201104402794,0.02073827230447674
79,2019-10-18,0.9872999787330627,2.986199951171875,,,,-0.00696026988574028,0.9933096280804387,,,,,0.0034059358555544963,0.9864977563693297,1.0001896185086587,0.013691862139329047,0.020263518834325454
80,2019-10-21,0.9849100112915039,3.006719970703125,,,,-0.0024207105166007665,0.9929833323867233,,,,,0.00375510159565461,0.9854731291954141,1.0005686376099456,0.015095508414531555,0.01981501981944527
81,2019-10-22,0.9859200119972229,2.995989990234375,,,,0.001025475113604124,0.9928114811579386,,,,,0.003962518001824611,0.9848864451542894,1.0008157675216243,0.015929322367334908,0.019377986630323734
82,2019-10-23,0.9893400073051453,3.00452001953125,,,,0.0034688364840006884,0.9929033341231169,,,,,0.003850660138081601,0.9852020138469537,1.0006816676020418,0.015479653755088085,0.01893645065131046
83,2019-10-24,0.9901000261306763,3.0102900390625,,,,0.0007682079163069677,0.9927988913324144,,,,,0.003886865294300351,0.9850251607438136,1.0006503592269012,0.01562519848308752,0.018487700421853968
84,2019-10-25,0.9923499822616577,3.022550048828125,,,,0.0022724533598633494,0.9927918535691721,,,,,0.003887499659733808,0.9850168542497045,1.0006446028818343,0.01562774863212979,0.018062297688745347
85,2019-10-28,0.9941999912261963,3.039419921875,,,,0.0018642706682195248,0.9926955567465888,,,,,0.00381861349904104,0.9850583297485067,1.0004091560146517,0.015350826266145035,0.017654731867122925
86,2019-10-29,0.9947599768638611,3.036889892578125,,,,0.000563252507148121,0.9927703716136791,,,,,0.003838487239393442,0.9850933971348922,1.0005241158372538,0.015430718702361568,0.017261564863684072
87,2019-10-30,0.9941200017929077,3.04677001953125,,,,-0.0006433462200308784,0.9928722227061236,,,,,0.0038364625428104135,0.9851992976205028,1.0006218770426007,0.015422579422097904,0.01691975933033097
88,2019-10-31,0.989109992980957,3.03756005859375,,,,-0.005039641897271024,0.9928459260198805,,,,,0.0038596568178913973,0.9851266123840977,1.0006424327920211,0.01551582040792343,0.01662163093081619
89,2019-11-01,0.9864100217819214,3.066909912109375,,,,-0.002729697625335412,0.9928648162771154,,,,,0.003826722802580754,0.985211370671954,1.0005947963383286,0.015383425666374628,0.016344232893982822
90,2019-11-04,0.9858400225639343,3.07827001953125,,,,-0.0005778522170297634,0.9926788917294255,,,,,0.004035847909315251,0.9846071959107949,1.0008313045062422,0.016224108595447317,0.016106520981011813
91,2019-11-05,0.988290011882782,3.0746201171875,,,,0.0024851794031204165,0.9924900024025528,,,,,0.004116682704370094,0.9842566369938126,1.0008057014653804,0.016549064471567787,0.01590941539777408
92,2019-11-06,0.9923999905586243,3.076780029296875,,,,0.0041586767309450025,0.9925455583466424,,,,,0.004104954828090007,0.9843356486904624,1.000837567099384,0.01650191840892168,0.015724275351190097
93,2019-11-07,0.9924700260162354,3.085179931640625,,,,7.05718039876853e-05,0.9923555586073134,,,,,0.003983536012184813,0.9843884865829438,1.0004023013519268,0.016013814768983003,0.015488454778661778
94,2019-11-08,0.9945999979972839,3.093080078125,,,,0.0021461323014441754,0.9924266691561099,,,,,0.004005768079868323,0.9844151329963733,1.000518320677444,0.016103187681070663,0.015387712323597537
95,2019-11-11,0.9971699714660645,3.087010009765625,,,,0.002583926678016679,0.9924429632999279,,,,,0.004024092448525045,0.9843947784028778,1.0005716300459484,0.01617685164307059,0.015326358255143889
96,2019-11-12,0.9930099844932556,3.091840087890625,,,,-0.0041717932667915385,0.9922525926872536,,,,,0.003868162939377111,0.9845162668084995,1.0000662818247954,0.015550015016295937,0.015258184913859437
97,2019-11-13,0.9926599860191345,3.0940400390625,,,,-0.00035246219029680956,0.9922033327597158,,,,,0.003854167233092828,0.9844949982935302,0.9999887505705634,0.015493752277033201,0.015241367084505757
98,2019-11-14,0.9896699786186218,3.0966298828125,,,,-0.003012116376830626,0.9920148143061885,,,,,0.0038489836665682293,0.9843168469730521,0.9997897613126564,0.015472914339604293,0.0152357866998903
99,2019-11-15,0.9887700080871582,3.1204599609375,,,,-0.0009093642839603956,0.9918729618743614,,,,,0.003895102492083613,0.9840827568901941,0.9997410689083702,0.015658312018176135,0.015239472685593699
100,2019-11-18,0.9889860153198242,3.122030029296875,,,,0.00021846054279487713,0.9917287407097993,,,,,0.003927104298521963,0.9838745321127554,0.9996614913928137,0.015786959280058244,0.015247795614837443
101,2019-11-19,0.9890999794006348,3.120179931640625,,,,0.00011523325815046281,0.9914683699607849,,,,,0.0038591257195353724,0.9837501185217141,0.9992638039142464,0.015513685392532284,0.015250108943296432
102,2019-11-20,0.99031001329422,3.1084599609375,,,,0.0012233686369283413,0.9911909633212619,,,,,0.00365797738612763,0.9838750085490067,0.9985800776412397,0.014705069092233014,0.015299584445458717
103,2019-11-21,0.9903799891471863,3.1035400390625,,,,7.066055278340284e-05,0.9909228152698941,,,,,0.0034354659476889832,0.9840518833745161,0.9978624564842259,0.01381057310970979,0.01533275186684284
104,2019-11-22,0.9926999807357788,3.1102900390625,,,,0.0023425267210722507,0.990707258383433,,,,,0.0031201365630696932,0.9844669852572936,0.9970099342408337,0.012542948983540136,0.015318001497742605
105,2019-11-25,0.9976000189781189,3.133639892578125,,,,0.004936071660551692,0.9908324435905174,,,,,0.0033199695912801115,0.9841925044079571,0.9975387821649032,0.013346277756946079,0.015333411744133097
106,2019-11-26,0.9967399835586548,3.14052001953125,,,,-0.0008621044537920915,0.9911820733988727,,,,,0.003424960458152964,0.9843321524825668,0.9981004935243416,0.013768341041774823,0.015336244296075533
107,2019-11-27,0.9975900053977966,3.1536298828125,,,,0.000852801987642773,0.9916517028102169,,,,,0.0034020010072165043,0.9848477007957839,0.9985237448447942,0.01367604404901035,0.01528367154179697
108,2019-11-28,0.9984700083732605,3.006948492118021,,,,0.0008821289013545793,0.9921165174908109,,,,,0.0034442172773765673,0.9852280829360577,0.9990738363911116,0.0138457534550539,0.0152065023228236
109,2019-11-29,0.9983599781990051,3.14097998046875,,,,-0.00011019877746216514,0.9924505904868797,,,,,0.0035929434222320288,0.9852647036424156,0.9997083361997884,0.014443632557372799,0.015168131167352663
110,2019-12-02,1.0001100301742554,3.1138701171875,,,,0.0017529268134398339,0.9928213313773826,,,,,0.003839272169997477,0.9851427870373877,1.0005766611607776,0.015433874123389923,0.015161045079956456
111,2019-12-03,0.9914299845695496,3.093199951171875,,,,-0.00867909064285,0.992787257388786,,,,,0.0038473782291680806,0.9850925009304499,1.0005589614117056,0.015466460481255773,0.0151550714447389
112,2019-12-04,0.9868999719619751,3.112760009765625,,,,-0.0045691704689981355,0.992516886304926,,,,,0.003992368730253134,0.9845321488444196,1.0005814711400374,0.01604932229561773,0.015180941668052703
113,2019-12-05,0.9882500171661377,3.117429931640625,,,,0.0013679655917698359,0.9922757766864918,,,,,0.004045840668067067,0.9841840953503577,1.0004483748359874,0.016264279485629696,0.015211814289655226
114,2019-12-06,0.9869999885559082,3.145909912109375,,,,-0.001264891058453021,0.9920120724925289,,,,,0.004147795121602935,0.983716482249323,1.0003906186381668,0.016674136388843852,0.015258168251386558
115,2019-12-09,0.9904800057411194,3.1359599609375,,,,0.0035258533187045296,0.9920628137058682,,,,,0.004120271318560724,0.9838222710687468,1.000385761769361,0.016563490700614247,0.01529697085481955
116,2019-12-10,0.9877600073814392,3.13252001953125,,,,-0.0027461416120610703,0.992112813172517,,,,,0.004059108422954518,0.9839945963266079,1.000312212186885,0.016317615860277135,0.015331570491630754
117,2019-12-11,0.984470009803772,3.1416298828125,,,,-0.0033307661305189405,0.9920620719591776,,,,,0.004144861956846877,0.9837723480454839,1.0004346931120083,0.01666234506652442,0.015347801472041019
118,2019-12-12,0.9824000000953674,3.168570068359375,,,,-0.002102664060652434,0.9918439233744586,,,,,0.004479166072606235,0.9828855912292461,1.0008918388411232,0.01800624761187708,0.015401771217978399
119,2019-12-13,0.9849900007247925,3.168800048828125,,,,0.0026364012919112604,0.9915694793065389,,,,,0.004660044874536392,0.9822493895574661,1.0009827699531024,0.018733380395636323,0.01548441795822709
120,2019-12-16,0.983959972858429,3.191449951171875,,,,-0.0010457241856319276,0.9912542921525461,,,,,0.004871473413337505,0.9815113453258711,1.001094668447488,0.019583323121616814,0.015616621971287601
121,2019-12-17,0.9832000136375427,3.19252001953125,,,,-0.0007723476989399573,0.9908320705095927,,,,,0.005053814736402713,0.9807244410367872,1.001040776277126,0.020316335240338823,0.015772664473482717
122,2019-12-18,0.9797000288963318,3.191139892578125,,,,-0.003559789150390725,0.9901850355996026,,,,,0.005312660876009446,0.9795597138475837,1.0009166105691416,0.02135689672155794,0.015964517994908174
123,2019-12-19,0.9800099730491638,3.2053701171875,,,,0.0003163663812291552,0.9897035536942659,,,,,0.005615290507732081,0.9784729726788017,1.0010464405198847,0.02257346784108294,0.016224645877307695
124,2019-12-20,0.9782000184059143,3.221219970703125,,,,-0.0018468736982523671,0.9891679993382206,,,,,0.005985157244518112,0.9771976848491845,1.0012580169721472,0.02406033212296277,0.016541926612342123
125,2019-12-23,0.9822800159454346,3.224010009765625,,,,0.004170923597168883,0.9888942970169915,,,,,0.006123320866155912,0.9766476552846797,1.0012634051666265,0.024615749881946813,0.0168805501509474
126,2019-12-24,0.981469988822937,3.2233798828125,,,,-0.0008246397252802865,0.9886239259331314,,,,,0.006281948765544127,0.9760600284020432,1.0013134624395306,0.025253434037487366,0.01723592504055152
127,2019-12-25,0.9803000092506409,3.006948492118021,,,,-0.001192068617094734,0.9883022220046432,,,,,0.00647462261404634,0.9753529767765505,1.001380959685017,0.02602798290846642,0.017615222211974046
128,2019-12-26,0.9793999791145325,3.239909912109375,,,,-0.0009181170331686499,0.9879429627347875,,,,,0.006686051324400397,0.9745708600859867,1.0014487864100763,0.026877926324089585,0.018036120024253945
129,2019-12-27,0.981469988822937,3.24002001953125,,,,0.002113548859043289,0.9876155544210363,,,,,0.006777934755499651,0.974059684910037,1.0013069826271457,0.027247297717108654,0.01850064701036045
130,2019-12-30,0.9737100005149841,3.2212900390625,,,,-0.007906495762809135,0.9869981474346585,,,,,0.007241395789536877,0.9725153558555848,1.001625766929523,0.02911041107393819,0.019067307675702243
131,2019-12-31,0.9686300158500671,3.230780029296875,,,,-0.005217143361196092,0.9861066672537062,,,,,0.007933147543909462,0.9702403721658873,1.0021316252924033,0.03189125312651597,0.0197839115328495
132,2020-01-01,0.967199981212616,3.006948492118021,,,,-0.0014763476395021448,0.9849807399290579,,,,,0.008367436482396975,0.968245866964264,1.0018829616234999,0.03363709465923592,0.020535423269971344
133,2020-01-02,0.9674999713897705,3.25785009765625,,,,0.00031016354733426663,0.9838977765153956,,,,,0.008662412232119313,0.9665729520511569,1.0013958492242765,0.034822897173119594,0.021315221645206335
134,2020-01-03,0.9711999893188477,3.23485009765625,,,,0.003824308050120392,0.9829203685124716,,,,,0.008550443498017922,0.9658194815164357,1.0001922643784678,0.03437278286203205,0.0220817675271701
135,2020-01-06,0.9714800119400024,3.246280029296875,,,,0.000288326425282582,0.9819207390149435,,,,,0.008246397036995354,0.9654279449409527,0.9985784610296741,0.03315051608872133,0.02279675873582445
136,2020-01-07,0.968500018119812,3.237179931640625,,,,-0.0030674782636438544,0.9808148145675659,,,,,0.00796503245679986,0.9648847496539662,0.9969041801303017,0.032019430476335486,0.02344771421430455
137,2020-01-08,0.9688299894332886,3.253050048828125,,,,0.00034070346649775913,0.9796562945401227,,,,,0.007323273831639072,0.9650097468768446,0.9944493076800336,0.02943956080318899,0.023966443350593405
138,2020-01-09,0.9732000231742859,3.274699951171875,,,,0.004510630129805891,0.9789811107847426,,,,,0.007041607189231004,0.9648978964062805,0.9932051573069892,0.028307260900708675,0.02444202855131388
139,2020-01-10,0.9731199741363525,3.26535009765625,,,,-8.225342789476485e-05,0.9784707404949047,,,,,0.006947917134687858,0.964574906225529,0.9925055331069742,0.02793062688144521,0.024882076869307494
140,2020-01-13,0.9731400012969971,3.2881298828125,,,,2.0580361288242415e-05,0.9779111102775291,,,,,0.006743206250522752,0.9644246977764835,0.991532386903585,0.027107689127101486,0.02528368463380645
141,2020-01-14,0.9707000255584717,3.28314990234375,,,,-0.0025073224153496936,0.9773074079442907,,,,,0.006631194890578126,0.9640450181631345,0.9907024216232585,0.02665740346012402,0.025653435266076084
142,2020-01-15,0.9670699834823608,3.2892900390625,,,,-0.003739612630608897,0.9764403700828552,,,,,0.006377780539688874,0.9636848090034775,0.9893234867730267,0.0256386777695492,0.025989553305666265
143,2020-01-16,0.963699996471405,3.31681005859375,,,,-0.0034847395416210624,0.9755492585676687,,,,,0.0064146737538533895,0.9627199110599619,0.9885068995504526,0.02578698849049066,0.02634027081048899
144,2020-01-17,0.9648799896240234,3.3296201171875,,,,0.0012244403413292128,0.9748237022647152,,,,,0.006472268185354607,0.9618791658940059,0.9878976839991315,0.026018518105125565,0.026686795737844587
145,2020-01-20,0.968209981918335,3.006948492118021,,,,0.0034511984185816654,0.9742981460359361,,,,,0.006411564358329696,0.9614750173192768,0.9872495060397621,0.025774488720485378,0.026974508371496748
146,2020-01-21,0.9683799743652344,3.3207900390625,,,,0.00017557394581142866,0.9736829598744711,,,,,0.006147601139937114,0.9613877575945968,0.9861011141771441,0.024713356582547252,0.027195988971011966
147,2020-01-22,0.9688000082969666,3.32175,,,,0.00043374908904689685,0.973121479705528,,,,,0.005869333972935538,0.9613828117596569,0.9849775343308578,0.023594722571200877,0.02734455932099656
148,2020-01-23,0.9674000144004822,3.3255400390625,,,,-0.0014450803927483396,0.9725362945485998,,,,,0.005617557096260504,0.9613011803560788,0.983883759883046,0.022582579526967184,0.02742849429457539
149,2020-01-24,0.9695000052452087,3.295469970703125,,,,0.002170757508235071,0.9721585158948545,,,,,0.0054639702036396965,0.9612305754875751,0.9831957357062067,0.021965160218631596,0.027451022572244785
150,2020-01-27,0.9699400067329407,3.2436298828125,,,,0.00045384371877403665,0.9717855541794388,,,,,0.005254997240627786,0.9612755596981832,0.9824006486055069,0.021125088907323675,0.02739737890803148
151,2020-01-28,0.9698500037193298,3.276239990234375,,,,-9.279235105890513e-05,0.971476294376232,,,,,0.005112162593576152,0.9612519691890796,0.9818028628152558,0.020550893626176125,0.027267399704446787
152,2020-01-29,0.9729800224304199,3.27339990234375,,,,0.0032273224716055176,0.9711318501719722,,,,,0.004666512068056264,0.9617988260358598,0.9805582045494459,0.01875937851358611,0.02705049706117417
153,2020-01-30,0.9731799960136414,3.283659912109375,,,,0.0002055269158784153,0.9708248134012576,,,,,0.004228358843685401,0.9623680957138868,0.9793660982655021,0.01699800255161532,0.026744740339475204
154,2020-01-31,0.9694100022315979,3.22552001953125,,,,-0.0038738915693768655,0.9704214798079597,,,,,0.0038033296737534808,0.9628148204604527,0.9781042057489417,0.015289385288489,0.026347014501698265
155,2020-02-03,0.9633600115776062,3.248919921875,,,,-0.006240899763840398,0.9698274069362216,,,,,0.0036018797694617848,0.962623647397298,0.9771032040705344,0.014479556673236416,0.02588781562574074
156,2020-02-04,0.9656999707221985,3.297590087890625,,,,0.002428956066756756,0.9692433321917499,,,,,0.0028710603926219067,0.963501211406506,0.9750428741848461,0.011541662778340123,0.025306125442823384
157,2020-02-05,0.9692699909210205,3.33468994140625,,,,0.0036968212768528747,0.9690788873919735,,,,,0.0027344179304615453,0.9636100515310504,0.9746024116115057,0.010992360080455343,0.024635086517138836
158,2020-02-06,0.9732999801635742,3.345780029296875,,,,0.004157757157759863,0.9692518490332144,,,,,0.0028459752746819306,0.9635598984838505,0.9750007190880718,0.011440820604221358,0.023877663090387184
159,2020-02-07,0.9745000004768372,3.3277099609375,0.009437126492643739,0.6414462392631671,,0.0012329398312134583,0.9695222201170745,0.2,1.708344844219536,0.9797776150928296,0.26602301590811855,0.0029817205450199964,0.9635587790270345,0.9755452956180148,0.011986516590980378,0.02307578982859994
160,2020-02-10,0.9766600131988525,3.352090087890625,0.0094486006826546,0.6422261457354174,,0.0022165343468019036,0.9698614809248183,0.2,1.7074480196131718,0.9792345305543657,0.26260468201526355,0.0032420769920949153,0.9633773269406285,0.97641047644885,0.013033149508221542,0.02226876213730742
161,2020-02-11,0.9771000146865845,3.35775,0.00946343814549313,0.6432346555551598,,0.0004505165377773557,0.9700800003828826,0.2,1.707379933585724,0.9791688725923888,0.2615578826611762,0.0035124867363162692,0.96305502691025,0.9771752235902414,0.014120196679991426,0.0215186663527874
162,2020-02-12,0.975600004196167,3.379449951171875,0.009487858193069996,0.6448944984843626,,-0.0015351657638636156,0.9702325926886665,0.2,1.7054318391593106,0.9779900591883487,0.25950735001485215,0.003656531110553146,0.9629195304675602,0.9776187855319838,0.0146992550644236,0.020835286314850446
163,2020-02-13,0.9775599837303162,3.37393994140625,0.009501732087662512,0.6458375140852705,,0.00200899910385309,0.970568146970537,0.2,1.702038645287963,0.9759869290110135,0.25873172065587857,0.0038903711532561258,0.9627874046640247,0.9784266967001143,0.015639292036089603,0.020228614520767265
164,2020-02-14,0.978879988193512,3.380159912109375,0.009510786230464863,0.6464529287302736,,0.0013503053369254487,0.9709403691468416,0.2,1.6972397091825409,0.9731724190196762,0.2586158072832524,0.004176518790738681,0.9625873315653642,0.9793769371041336,0.016789605538769403,0.019760097659122094
165,2020-02-17,0.981689989566803,3.006948492118021,0.009496183445191247,0.6454603700627777,,0.0028706290936407566,0.9712548123465644,0.2,1.694610779540049,0.9716648037875473,0.26006416443767766,0.004629806968638782,0.9619951984092868,0.9806070224232147,0.018611824013927913,0.01940100740405614
166,2020-02-18,0.980400025844574,3.3702900390625,0.00946724009979723,0.6434930763034793,,-0.0013140235063395472,0.9715244438913133,0.2,1.6893854465705345,0.9686680835878206,0.2619592865632612,0.004932662150811351,0.9616591195896906,0.9814884214359523,0.019829301846261638,0.01910095832867897
167,2020-02-19,0.9829000234603882,3.38614990234375,0.009436961629614453,0.6414350334400586,,0.002549977101092551,0.9718859261936612,0.2,1.685063153092937,0.9662003388664229,0.26545767720797653,0.005375551371058378,0.9611348234515444,0.9827445399631991,0.021609716511654664,0.01889732971329205
168,2020-02-20,0.9835000038146973,3.37322998046875,0.009431756443694648,0.6410812343322977,0.3320514274775891,0.0006104184962747249,0.9723599994624103,0.2,1.681260649026164,0.9639918743910598,0.26849439406619563,0.005797889877319113,0.960764219707772,0.9840717370145948,0.02330751730682279,0.018773259855762375
169,2020-02-21,0.9837599992752075,3.33775,0.009417227565668424,0.640093699177619,0.3316096216683712,0.00026435735587372714,0.9729781481954787,0.2,1.677023909868946,0.961546477323446,0.27109953847275425,0.006083608956746535,0.9608109302819856,0.9852670382881067,0.02445610800612108,0.01872946097563541
170,2020-02-24,0.9788399934768677,3.225889892578125,0.009425519235938765,0.6406572881807193,0.33198254447444114,-0.005001225707453743,0.9735388888253106,0.2,1.6730130840533275,0.9591929160838921,0.270233061094617,0.0058974745491856325,0.9617439397269393,0.9854517874146655,0.02370784768772627,0.01865245576071821
171,2020-02-25,0.9797800183296204,3.1282099609375,0.009430882022872077,0.6410217995087198,0.33228573852465737,0.0009603457756294677,0.9740907417403327,0.2,1.6730034908581626,0.9591779418054204,0.2698734879733059,0.005756857750834619,0.9625770262386635,0.9857195943970186,0.023142568158355137,0.018545939096023006
172,2020-02-26,0.9758999943733215,3.116389892578125,0.009445424057547891,0.6420102289274955,0.3329474480231003,-0.003960097045981498,0.9743755570164433,0.2,1.673405706415911,0.9593870740222286,0.2703577988966381,0.005648067278070851,0.9630794224603016,0.9857846529181464,0.022705230457844783,0.018432262864073356
173,2020-02-27,0.97639000415802,2.978760009765625,0.009460253106675557,0.6430181668630741,0.33361650208644206,0.0005021106542921421,0.9746722247865465,0.2,1.6768162268322726,0.9613501065869935,0.27318760971766176,0.005534580166342832,0.9636030644538608,0.985852076722559,0.022249012268698243,0.018340990852449317
174,2020-02-28,0.96875,2.954219970703125,0.009532666932968632,0.6479401710963072,0.3360923797091094,-0.00782474638769812,0.9746703726273996,0.2,1.6774007060842844,0.9615643131899586,0.27921565867914944,0.005536553022366371,0.9635972665826669,0.9858542097325798,0.02225694314991289,0.01829144346647569
175,2020-03-02,0.9639800190925598,3.09022998046875,0.009656798684724532,0.6563774687630322,0.3398914607963835,-0.004923851259293095,0.9745437061345136,0.2,1.6829073741666467,0.964558617116809,0.2814462555694147,0.0057369325721723895,0.9630698409901688,0.9861323099303018,0.023062468940132974,0.018309217148444794
176,2020-03-03,0.9581000208854675,3.0033701171875,0.009861122507832975,0.6702654618959999,0.34564551052145326,-0.0060997096315620804,0.9741214844915602,0.2,1.690051523370395,0.9683676196092761,0.2903720546811708,0.006465799540658713,0.9611898854102428,0.9871823995636908,0.025992514153448054,0.018458378405289848
177,2020-03-04,0.9556499719619751,3.1301201171875,0.010097506844852357,0.6863326243018438,0.3514896858160133,-0.002557195355478772,0.9735922239444874,0.2,1.6976393080982934,0.972379269588459,0.2930623179913078,0.00731544810699007,0.9589613277305072,0.9883694291206073,0.029408101390100083,0.018765156645392675
178,2020-03-05,0.95660001039505,3.02393994140625,0.010310597090708543,0.7008164756028369,0.3556433045241798,0.0009941280395001704,0.9731014834509956,0.2,1.6970889040845138,0.9716855809318404,0.3010249029432837,0.007965562192145049,0.9571703590667054,0.9891919190791285,0.03202156001242307,0.0191899961411796
179,2020-03-06,0.9458000063896179,2.9723701171875,0.01069798405829139,0.7271473628373437,0.3641789259638253,-0.011289989429303914,0.9720948161902251,0.2,1.695728775399338,0.9702148222621669,0.3179578577495914,0.00948907666868916,0.9531166628528468,0.9912627510609772,0.03814608820813037,0.01990802242616272
180,2020-03-09,0.9274500012397766,2.74656005859375,0.011516094594124171,0.7827547478735171,0.3838340084726867,-0.01940157012674211,0.970401112680082,0.2,1.6872146748187529,0.9638186177470502,0.3686606838125706,0.012686648547161644,0.9450278155857588,0.9960281427453486,0.0510003271595898,0.021167367782013627
181,2020-03-10,0.9283599853515625,2.88222998046875,0.012250186046076259,0.8326513134750226,0.3971068361870827,0.0009811678371550593,0.9688807416845251,0.2,1.6835298435917272,0.9603857288490845,0.3967906098134885,0.01496878383787844,0.9389431740087683,0.9991176850370396,0.060174511028271316,0.02282977984645001
182,2020-03-11,0.9368100166320801,2.7413798828125,0.012737864641379893,0.8657990731421739,0.40010477656391535,0.009102106309889713,0.9678974085383945,0.2,1.6642753653519702,0.948303816952776,0.42818495875185736,0.016126452473446733,0.935644503591501,1.0004728425347569,0.0648283389432559,0.024694549560154436
183,2020-03-12,0.9389500021934509,2.480639892578125,0.013134723031688968,0.8927737377482087,0.39876308580524866,0.002284332493651486,0.9669066689632557,0.2,1.6349713426014534,0.930519994798769,0.4736747086262885,0.017027546333648943,0.9328515762959578,1.0013023125572267,0.06845073626126885,0.02680229302248513
184,2020-03-13,0.9446499943733215,2.71102001953125,0.013427073537958743,0.9126449488567604,0.3936751787181148,0.006070602445875752,0.9659948172392668,0.2,1.6061530420132801,0.9132022262697219,0.4957926044619522,0.01752842401562621,0.9309379692080144,1.0014022337508317,0.07046426454281729,0.029004956150720757
185,2020-03-16,0.9463000297546387,2.3861298828125,0.013700339544441595,0.9312189769058201,0.387891310667037,0.0017467161288787897,0.964994819075973,0.2,1.5947339920119865,0.9060648425638081,0.5285797912784854,0.01785035724990433,0.9292941045761642,1.0010525407207798,0.07175843614461552,0.031238941911476095
186,2020-03-17,0.9475299715995789,2.52918994140625,0.01392519728116504,0.9465026704859487,0.3811022300310157,0.0012997377219348613,0.9639959291175559,0.2,1.5898540439484758,0.9028256412392477,0.5480538262186547,0.018044065598289777,0.9279077979209764,1.0004449416261012,0.07253714370512476,0.03348155773051848
187,2020-03-18,0.9596499800682068,2.39810009765625,0.014017162395304199,0.9527535855980811,0.3716585033101181,0.012791161052317384,0.963365927890495,0.2,1.5848009994574206,0.8997179251957116,0.5619061634022415,0.017887173239287995,0.927591581411919,0.9994980178338567,0.07190643642193773,0.03566204983843389
188,2020-03-19,0.9666299819946289,2.409389892578125,0.014052145016796865,0.9551313719945577,0.3618177689781347,0.007273487283275948,0.962978148901904,0.2,1.5980204490354053,0.9073661422626894,0.569253625252045,0.017697713752405784,0.9275827213970924,0.9987275306817637,0.07114480928467126,0.03777407252749611
189,2020-03-20,0.9887199997901917,2.304919921875,0.014058095741171154,0.9555358457264458,0.3528136850088663,0.022852609795922393,0.9634640746646457,0.2,1.6200552901842287,0.9202061529694356,0.5579299908206835,0.01821029547820544,0.9270434837082348,1.0002488715306206,0.07320538782238584,0.03994096633334657
190,2020-03-23,0.985069990158081,2.23739990234375,0.014044349311906387,0.9546014940080435,0.34588465556336684,-0.0036916514613693817,0.9637422230508592,0.2,1.669189487004037,0.9488845889702181,0.5494503829039954,0.018478850066083376,0.9267845229186925,1.0010695001843477,0.0742849772656552,0.04211302874925639
191,2020-03-24,0.9817000031471252,2.447330078125,0.014015875988232248,0.9526661478616995,0.34073826514569605,-0.003421063523024395,0.9638466680491412,0.2,1.6907287950952727,0.9614958201414111,0.5460468282789983,0.018571851150941936,0.9267029657472573,1.001361807374044,0.07465884162678671,0.04425633378955333
192,2020-03-25,0.9799699783325195,2.47556005859375,0.014010747082528342,0.9523175335586199,0.3374805869464115,-0.0017622744311496532,0.9637829639293529,0.2,1.69582421369179,0.9644763693311249,0.5445039986712374,0.01851339467998259,0.9267561745693877,1.0011800211829178,0.07442384661353008,0.04632344573768674
193,2020-03-26,0.9762399792671204,2.630070068359375,0.014003534762111726,0.9518273085085259,0.3352023976332236,-0.0038062380969527227,0.963628888130188,0.2,1.6943421739419664,0.9636246785136483,0.5445233493708975,0.0183913683976256,0.9268461513349368,1.0007794522933917,0.07393330095845496,0.048327297556656865
194,2020-03-27,0.9616600275039673,2.541469970703125,0.014079433377984316,0.9569861756440574,0.3354477236931194,-0.014934802991881657,0.9628422216132835,0.2,1.6905067626607997,0.9612551702786941,0.5525671582662812,0.01800034630645918,0.9268415290003651,0.999202921152331,0.07236139215196591,0.05020698924703876
195,2020-03-30,0.950469970703125,2.62664990234375,0.014277767678350256,0.9704670579005147,0.3387749093836558,-0.01163618792587916,0.9616188870535957,0.2,1.7002903570798198,0.9666139370400013,0.5635266953815952,0.01767427347682399,0.9262703400999477,0.9973209194767801,0.07105057937683246,0.05197525080518727
196,2020-03-31,0.9599999785423279,2.584590087890625,0.0143678069149662,0.976587070147722,0.33984060891062223,0.010026626966607803,0.9607388862857112,0.2,1.722917294579249,0.9796521771993172,0.5715214231742821,0.017133183783474195,0.9264725187187629,0.9953479175283291,0.06887539880956617,0.05362040972383338
197,2020-04-01,0.9615100026130676,2.4705,0.014442461823901857,0.9816614018965482,0.3405785929434666,0.0015729417755118906,0.9600970347722372,0.2,1.7247227610883207,0.9805745271961437,0.5795927977323495,0.016763676445367685,0.9265696818815018,0.99395966119188,0.06738997931037816,0.05523826645059827
198,2020-04-02,0.966189980506897,2.52689990234375,0.014483688495065147,0.9844635994929929,0.34051122109966486,0.004867321069058779,0.9595937000380622,0.2,1.7222498775175057,0.9790602686893518,0.5850159588550309,0.016364399823764565,0.926864900390533,0.9926497876820667,0.06578488729153364,0.056817611603678944
199,2020-04-03,0.9742199778556824,2.48864990234375,0.014488165117090012,0.9847678777459856,0.33958640686447517,0.008310992155572327,0.9595314772040756,0.2,1.715288286587132,0.9749925341208856,0.5872713577258817,0.016305367141193364,0.9269207429216889,0.9924683188292862,0.0655475759075973,0.05840436513885496
200,2020-04-06,0.9771999716758728,2.663679931640625,0.014478782924376325,0.984130165383337,0.3383329620627509,0.0030588510684718025,0.959561476001033,0.2,1.7065838032858625,0.9699326079423344,0.5866986387237656,0.016337070324467226,0.9268873353520986,0.9925623580564569,0.06567502270435832,0.06001273589573126
201,2020-04-07,0.9779599905014038,2.659409912109375,0.014479522644783142,0.9841804445518348,0.3372540776352701,0.0007777515836677657,0.9599025867603443,0.2,1.6989863089777282,0.9655005591421351,0.586721163257622,0.01661907776882122,0.9266644312227019,0.9934731238533632,0.06680869263066125,0.06166280069131453
202,2020-04-08,0.9691900014877319,2.74997998046875,0.014504511341746745,0.9858789388661672,0.3366745159068076,-0.008967635791700915,0.9600955490712766,0.2,1.6920385195040462,0.9614049972265301,0.5891652812045493,0.016695371310832388,0.9267048064496118,0.993820199119158,0.06711539266954614,0.06329439045907058
203,2020-04-09,0.9718199968338013,2.789820068359375,0.01451823990091596,0.9868120759451774,0.33578965674011413,0.002713601401203298,0.9606036963286223,0.2,1.6881501911055168,0.9591133655448151,0.5907575280604901,0.016835110138376345,0.9269334760518696,0.9946106188081425,0.0676771427562729,0.06483826559250853
204,2020-04-10,0.9668599963188171,3.006948492118021,0.014546813103175077,0.9887542108892308,0.3353629451707361,-0.005103826357909756,0.9610188824159128,0.2,1.6850180813223075,0.9572367865623391,0.5915416306670876,0.016846048948068598,0.9273267845197757,0.9950479012910114,0.06772111677123571,0.06625726616218024
205,2020-04-13,0.9658399820327759,2.7616298828125,0.014568320559825938,0.9902160835467145,0.3351852156859862,-0.001054976201233705,0.9613611035876803,0.2,1.683289933334889,0.9561913371197813,0.5946241969750136,0.01684665844105405,0.9276677867055723,0.9953913536386095,0.06772356693303727,0.06757956271479558
206,2020-04-14,0.9664000272750854,2.84606005859375,0.014580555379181948,0.9910476903785286,0.33497481396718354,0.0005798530323116869,0.9621240673241792,0.2,1.6813196528540937,0.9550208974020268,0.5978337405415828,0.01658914555209356,0.9289457762199921,0.9956341413394082,0.06668836511941612,0.06863668408188024
207,2020-04-15,0.9599199891090393,2.783360107421875,0.014649870733630799,0.9957590899204408,0.33608683132237255,-0.006705337317008997,0.9633266594674852,0.2,1.6807381655765647,0.9545605475453114,0.6019635786317563,0.015146093743637958,0.9330344719802093,0.9939217688296339,0.06088729684942462,0.06900286814446671
208,2020-04-16,0.9650999903678894,2.799550048828125,0.014692082026209745,0.9986282127302609,0.33657248529933326,0.005396284396221371,0.9646874003940158,0.2,1.679157044978982,0.953564630906793,0.6043363284774322,0.013504999045546062,0.9376774023029236,0.9919674984660188,0.054290096163095214,0.0687849268531639
209,2020-04-17,0.9692000150680542,2.87456005859375,0.01470256604852071,0.9993408170054036,0.3363171024395166,0.004248290064329909,0.9658870299657186,0.2,1.6773057878617312,0.9524666661814482,0.6058222393781222,0.012365954074678135,0.9411551218163624,0.9908662571965685,0.049711135380206106,0.06822503042490279
210,2020-04-20,0.9678300023078918,2.823159912109375,0.0147122641228425,1.0,0.33600058785505543,-0.0014135500813690716,0.9669566595995868,0.1,1.677827690201672,0.9527540703128271,0.6079468804672821,0.011182053937664008,0.9445925517242587,0.9895444085536681,0.04495185682940939,0.06735470155705615
211,2020-04-21,0.9678999781608582,2.73656005859375,0.014699377636134858,0.9991240990101834,0.33520136308311765,7.230180176213163e-05,0.9678177701102363,0.2,1.6775577427020676,0.9526191794249437,0.6109355605345993,0.010290802524458492,0.9472361650613192,0.9886051912096424,0.04136902614832316,0.06627710013503785
212,2020-04-22,0.9697700142860413,2.79931005859375,0.014681519054153923,0.9979102422012095,0.3343891968606619,0.0019320551372843597,0.9686870287965845,0.2,1.6771163378754563,0.9523929932913386,0.6128479232659446,0.009388158947664432,0.9499107109012557,0.9876511098708667,0.03774039896961101,0.0650171728322599
213,2020-04-23,0.9726999998092651,2.797800048828125,0.014640462456331108,0.9951196045753481,0.33317583863236533,0.0030213199831518557,0.9696192520636099,0.2,1.6758635560973092,0.9517341971421087,0.6142593327325598,0.008443125734827823,0.9527330005939543,0.9866743660479621,0.03394136545400783,0.06358769956370001
214,2020-04-24,0.9763299822807312,2.836739990234375,0.014610501839166647,0.9930831663416201,0.3323495091569794,0.0037318623133318195,0.970237029923333,0.2,1.6750526293268024,0.9513136776367239,0.6148368791560548,0.008300100464725867,0.9536368289938814,0.9870032328620792,0.03336640386819789,0.062160290950598544
215,2020-04-27,0.9735000133514404,2.87847998046875,0.01460050767221687,0.9924038577820177,0.33204923386990115,-0.002898578329715834,0.970491475529141,0.2,1.6740780235739545,0.9507627809262073,0.6156115964194797,0.008290921508369043,0.9539096325124029,0.9872391369760464,0.03332950446364347,0.060759724105375286
216,2020-04-28,0.9758300185203552,2.863389892578125,0.01455626647407352,0.9893967612689352,0.3310979550787428,0.0023934310600503775,0.9700140688154433,0.2,1.6735300427301796,0.9505205850158288,0.616393866832272,0.007567059280807664,0.954879950253828,0.9852995285626748,0.030419578308846784,0.059175064493762725
217,2020-04-29,0.9737399816513062,2.939510009765625,0.014516534035825089,0.9866961274360541,0.3304949040734963,-0.0021418042378099638,0.9695944388707479,0.2,1.6732857348146115,0.9504476010716368,0.617205744034065,0.007014476233559448,0.955565486403629,0.983763680862538,0.02819819445890892,0.05746814661203138
218,2020-04-30,0.9739000201225281,2.912429931640625,0.014444818869574738,0.9818216114776976,0.3294185072848379,0.00016435442134205515,0.9693055506105777,0.2,1.6719929234677051,0.9498190828813039,0.6183826533107868,0.00666171397804466,0.9559821226544883,0.9827622128462279,0.026780090191739547,0.05569485952184444
219,2020-05-01,0.9664700031280518,2.8307099609375,0.014425887783204926,0.9805348560054098,0.3296107046761861,-0.007629137325145075,0.9688055515289307,0.2,1.6716327009974061,0.9496421170290282,0.6206122173859591,0.0063414510258769366,0.9561226494771768,0.9816152826012021,0.025492633124025277,0.053882592355566486
220,2020-05-04,0.9624999761581421,2.842739990234375,0.01443630631662319,0.9812430089675421,0.3304738679764783,-0.004107760155059528,0.9682966625248944,0.2,1.672858572478871,0.950338806255527,0.6230367258088395,0.006275394213769817,0.9557458740973548,0.9809729588367094,0.025227084739354644,0.05207865842152574
221,2020-05-05,0.965399980545044,2.86843994140625,0.014436218901498288,0.9812370673174893,0.3310701960366768,0.00301299164544122,0.9684351793041935,0.2,1.6760660878297529,0.9522095383316176,0.6250804718549161,0.006167727399381636,0.9560997245054302,0.9808939886509445,0.024794264145514222,0.05031691293980531
222,2020-05-06,0.972599983215332,2.848419921875,0.014426045755266069,0.9805455934459439,0.33141941285346826,0.007458051393602805,0.9692548093972383,0.2,1.6759207282405721,0.9521425597078859,0.6259684265964194,0.005104688120110466,0.9590454331570174,0.9795662793998614,0.020520846242844004,0.04844544134225019
223,2020-05-07,0.9751999974250793,2.88118994140625,0.014387752575636046,0.9779427867460174,0.33111638387524467,0.0026732616230897835,0.9698177730595624,0.2,1.6766497036363908,0.9526346640081567,0.6269386624900009,0.00488648176826519,0.9600448095230321,0.9796884662314581,0.01964365670842605,0.046622043486652415
224,2020-05-08,0.9729499816894531,2.929800048828125,0.01433536404735906,0.9743819121016012,0.3305386133840806,-0.0023072351738793765,0.9702414759883174,0.2,1.6777463438959783,0.9533658385822696,0.6284996203651255,0.004637378483594472,0.9609667190211285,0.9796089805251783,0.018642261504049795,0.04481657245678841
225,2020-05-11,0.9709219932556152,2.93018994140625,0.01430260489820514,0.9721552562394992,0.330464246172362,-0.002084370699423257,0.9704167357197514,0.2,1.6773857159801946,0.9532128219318269,0.6297296639963402,0.00456987598192398,0.9612769837559034,0.9796478852032379,0.018370901447334442,0.04306049890700326
226,2020-05-12,0.9728900194168091,2.8701201171875,0.014213455946867879,0.9660957571309393,0.32918666018967285,0.0020269663009639173,0.9703674779997932,0.2,1.6776293348840188,0.953510821055434,0.6323703022533675,0.004535655720554412,0.9612961665586843,0.9795295025553131,0.018233335996628797,0.04130811965104147
227,2020-05-13,0.9698200225830078,2.82,0.014169318103753973,0.9630956857112468,0.32895802249778855,-0.0031555435583988764,0.9700941465519093,0.2,1.676850906423971,0.9531340504690887,0.6356503523635282,0.004333539445716058,0.9614270676604771,0.9788478962322558,0.017420828571778624,0.039520927275760745
228,2020-05-14,0.9718000292778015,2.8525,0.014086067226239143,0.9574370816500559,0.32784442255723134,0.002041622825563215,0.969865999839924,0.2,1.6769231420528559,0.9533217853162923,0.6389309856237997,0.004067401533703809,0.9617311967725164,0.9780821509380058,0.016350954165489373,0.037652122147421044
229,2020-05-15,0.9731000065803528,2.863699951171875,0.013984953942982223,0.9505643608769202,0.3264962704677153,0.0013377004150919348,0.9700108148433544,0.2,1.6767682606721421,0.953408310448583,0.6415078221846553,0.004110136475188511,0.9617905418929774,0.9783132905232351,0.01652274863025771,0.03577832051633629
230,2020-05-18,0.9719099998474121,2.953909912109375,0.013920300089982997,0.9461698059355876,0.3261656220313739,-0.001222902810495881,0.9700141482883029,0.2,1.676708540412168,0.9534865637281172,0.6436438854168473,0.004111638647795428,0.9617908709927121,0.9783196583568496,0.016528787364137543,0.033883936983294234
231,2020-05-19,0.9717299938201904,2.92293994140625,0.013848012454418137,0.9412563789496878,0.325819008631357,-0.00018520853499803507,0.9701945185661316,0.2,1.6765873804861622,0.9535423379229229,0.6468597463169572,0.0040759797841952924,0.962042558997741,0.9784279977302061,0.016385438732465007,0.031982615574450875
232,2020-05-20,0.9711599946022034,2.971610107421875,0.013792291141725279,0.9374689732704802,0.3259661411696756,-0.0005865818916901042,0.970391556068703,0.2,1.6759843860807226,0.9532881378818352,0.6491493917479976,0.003988359989682596,0.9624148360893378,0.9784480432478618,0.016033207158524077,0.030068157805024462
233,2020-05-21,0.9646999835968018,2.948510009765625,0.01375633716449625,0.935025163335529,0.3265784497460638,-0.006651850407046158,0.9703285914880259,0.2,1.675239354822764,0.9529165302874429,0.6514472975610975,0.004063587488872253,0.9622014165102813,0.9785370382155478,0.01633562170526648,0.028203241382278182
234,2020-05-22,0.9706799983978271,2.955449951171875,0.013668241296342224,0.9290372428211571,0.32603612741937343,0.006198833733498589,0.9707271103505735,0.2,1.675787167678222,0.9533900893020969,0.6535598963625818,0.0035136795381925856,0.9636997512741883,0.9778247430177225,0.01412499174353421,0.026471304156134093
235,2020-05-25,0.9712200164794922,3.006948492118021,0.013560103113162726,0.9216870360632726,0.3251844800301076,0.0005563296684348863,0.9709537779843366,0.2,1.6750774159067283,0.9531653083320144,0.655877387487612,0.0033362861950754397,0.9642812055941857,0.977693076098389,0.013411870504203227,0.024957295798397353
236,2020-05-26,0.9714599847793579,2.99177001953125,0.013450457178985348,0.9142343467109152,0.32433541741051675,0.0002470792362121685,0.9710374805662367,0.2,1.6742533045783559,0.9528764715257166,0.6576829690044022,0.0033195445146615124,0.9643983915369138,0.977742960485853,0.013344568948939206,0.02361038593057265
237,2020-05-27,0.9653469920158386,3.0361298828125,0.01334777791354802,0.9072551853405109,0.32378373170989977,-0.006292583183349231,0.9709455172220866,0.2,1.6713005276513933,0.9513340410987018,0.6593263347874874,0.003439361177896388,0.9640667948662938,0.9778930268014373,0.01382623193514354,0.022457585008562805
238,2020-05-28,0.9680299758911133,3.02972998046875,0.013273836219748663,0.9022293311836,0.32390462917909435,0.0027792948001754774,0.9709503319528368,0.2,1.6703026956521712,0.950881445095124,0.6604895125334683,0.003435182838411944,0.9640799662760129,0.9778894012864289,0.013809435010415982,0.021436859410862538
239,2020-05-29,0.9639999866485596,3.04431005859375,0.013266237262565006,0.9017128262377802,0.32543141984396645,-0.0041630831099459835,0.9707366272255227,0.2,1.6706269012310802,0.9510838081444224,0.6606821092391566,0.0036731965011362836,0.9633902342232501,0.978156484157818,0.014766249934567877,0.020585965002157237
240,2020-06-01,0.9606199860572815,3.05572998046875,0.01328960511901641,0.9033011512064112,0.327524837560749,-0.003506224728310401,0.9702892193087825,0.2,1.670668375782548,0.9510671245302057,0.6600064423669681,0.004115827450709203,0.9620575644073641,0.9786031907592151,0.016545626351850973,0.019941678368744022
241,2020-06-02,0.9610999822616577,3.080820068359375,0.013302967633767643,0.904209408062029,0.3291806981916557,0.0004996733477785446,0.969725145234002,0.2,1.6708998217573199,0.9511787292683812,0.659277497851035,0.004289269010343987,0.961146607213314,0.9783894686348968,0.017242861421582822,0.0193445101299805
242,2020-06-03,0.9616100192070007,3.1228701171875,0.013290143230589462,0.9033377269209686,0.33009384408478554,0.0005306804232196531,0.9692847750805043,0.2,1.6705152135684065,0.950976861245332,0.658317273544561,0.004484999756171647,0.9603147755681609,0.978344474587971,0.018029699019810108,0.018777850669097783
243,2020-06-04,0.961359977722168,3.11235009765625,0.013271000059488568,0.9020365559427252,0.3308147231926875,-0.0002600237932618073,0.9687488476435343,0.2,1.6697833051705497,0.9505835041737943,0.6575135538743849,0.004535123525424441,0.9596786005926854,0.9779097971648917,0.018231196572206287,0.01832642912329628
244,2020-06-05,0.9556099772453308,3.193929931640625,0.013273250082020153,0.9021894911070751,0.33185105240923535,-0.005981110728637907,0.9680773659988686,0.2,1.669164016619217,0.9502184081914574,0.6542592587070224,0.005058410147811789,0.9579605457032451,0.9782953544974484,0.020334808794203352,0.018035192617196077
245,2020-06-08,0.9610000252723694,3.232389892578125,0.013215147542218654,0.8982402322223539,0.33125546651708543,0.0056404266964395705,0.9675995884118257,0.2,1.6681299456943544,0.9497169750364477,0.6517571914514818,0.005094968394249806,0.957409651623326,0.9778914245682103,0.02048177294488429,0.01780192160805329
246,2020-06-09,0.9575200080871582,3.207179931640625,0.013171597043295872,0.8952800828830579,0.3308576235334475,-0.003621245675019483,0.9672681071140148,0.2,1.6666976967455263,0.9489578779819912,0.6489733743682908,0.005437320282167414,0.9563934665496799,0.9782514940839929,0.021858027534312985,0.017667306586212093
247,2020-06-10,0.9510999917984009,3.190139892578125,0.01318813226737368,0.8964039903890505,0.33167198774045603,-0.006704837741806167,0.9668458854710614,0.2,1.664813256349721,0.9478299775074601,0.6447149328666542,0.006182711139388156,0.9544804631922851,0.9793349619726255,0.024854498780340406,0.017653507106248603
248,2020-06-11,0.9437299966812134,3.00210009765625,0.013331960951937954,0.9061800984960932,0.33514220237197523,-0.007748917233457063,0.9660432934761047,0.2,1.6643754593697953,0.9473231000618478,0.6435686681791961,0.007569336968379514,0.9509046195393457,0.9813333541522313,0.030428734612885644,0.01786219119763273
249,2020-06-12,0.9441400170326233,3.04131005859375,0.013481631144551968,0.9163532568464544,0.3383550297201036,0.000434467859294309,0.964989220654523,0.2,1.6650180035648225,0.9474360458937373,0.641018685075583,0.008506480622248078,0.9479762594100268,0.9821723115114641,0.03419605210143728,0.018368680303506555
250,2020-06-15,0.9514300227165222,3.066590087890625,0.013545222026463737,0.9206755611077704,0.3392979871716875,0.007721318398102631,0.9641088512208726,0.2,1.663355749472493,0.9463554198339235,0.638905477913462,0.008633250250269687,0.9468423507203333,0.9815480167264174,0.03470566600608416,0.018926532499716115
251,2020-06-16,0.9488999843597412,3.124739990234375,0.013614205428542735,0.9253643976799668,0.3402302122557379,-0.0026591954178166906,0.9632181105790315,0.2,1.6630488296693975,0.9460557745752893,0.6353081546016358,0.00891131822987656,0.9453954741192784,0.9812189734033822,0.03582349928410378,0.019562874639718113
252,2020-06-17,0.9511299729347229,3.113489990234375,0.013621461384473826,0.92585758865795,0.33956806629004044,0.00235007757586417,0.9624850727893688,0.2,1.6619718241113293,0.9454149887688034,0.632571837261597,0.00906024683791316,0.9443645791135424,0.9807867714019534,0.036422192288410926,0.02023144096716539
253,2020-06-18,0.948710024356842,3.115340087890625,0.013647384634513449,0.9276196050154034,0.3392593381882358,-0.002544288001369654,0.9615895174167775,0.2,1.6613949522279987,0.9450332244996015,0.6292928768244638,0.009181730017609057,0.9432260573815593,0.9801366120523477,0.03691055467078841,0.02092318980694908
254,2020-06-19,0.95169997215271,3.097739990234375,0.013617125607526887,0.925562883715819,0.33764124588993866,0.003151592919970348,0.9609184044378775,0.2,1.659877676762891,0.9442012940007296,0.6268626912885411,0.009217764198979553,0.9424828760399183,0.9795382881198161,0.03705541207989782,0.021650396603546087
255,2020-06-22,0.9521999955177307,3.117860107421875,0.013547844448967733,0.9208538084857469,0.3350941052586219,0.000525400209784306,0.9601924772615786,0.2,1.6586298772378054,0.9435947689460452,0.6244293838960172,0.009103288929740235,0.9419858994020982,0.9785811208996539,0.036595221497555674,0.022400184282511507
256,2020-06-23,0.9468600153923035,3.1312900390625,0.013571608790748072,0.9224690827618145,0.33468847905021365,-0.0056080446865826635,0.9592206257360952,0.2,1.6584595887609306,0.9434538945598399,0.6205378793242342,0.009074047900368322,0.9410725299353586,0.9775502024948393,0.036477672559480645,0.023139255539149393
257,2020-06-24,0.944570004940033,3.050330078125,0.013618979009529459,0.9256888603831147,0.3347895229202897,-0.0024185311609358747,0.9582080333321182,0.2,1.657500649669376,0.942811802585623,0.618197665245165,0.009126825593648932,0.9399543821448204,0.9766442210312891,0.036689838886468706,0.023885961151087584
258,2020-06-25,0.9481599926948547,3.083760009765625,0.013648715506394533,0.9277100650472497,0.33473857569715765,0.0038006582212503047,0.9573350703274762,0.2,1.6571556700620569,0.942558605256709,0.6155423719853946,0.008916517117045417,0.9395020360933853,0.9753464349039079,0.03584439881052259,0.02460666337620083
259,2020-06-26,0.9480999708175659,3.009050048828125,0.013681934600863175,0.9299679836239741,0.3350594895393966,-6.330353289662068e-05,0.9564809953724897,0.2,1.6566426545047472,0.9422013204982157,0.6140308763469854,0.00865186564218502,0.9391772640881196,0.9739577639697033,0.034780499881583715,0.025301007551128962
260,2020-06-29,0.9476000070571899,3.053239990234375,0.013713497389006615,0.9321133222258304,0.33541776697582426,-0.0005273323233465008,0.9558476629080596,0.2,1.6560702386512811,0.9418122912216633,0.611569877840201,0.00865291484004083,0.9385418332279779,0.973326550884942,0.034784717656964115,0.02598430740119184
261,2020-06-30,0.9510499835014343,3.1002900390625,0.01370727435386709,0.9316903393941218,0.3350367579421803,0.003640751813582638,0.9551206253193043,0.2,1.654963031019965,0.941177467094512,0.608692534806536,0.00818833190649106,0.9387439615063222,0.9716610557704163,0.03291709426409406,0.02668031119824961
262,2020-07-01,0.9467999935150146,3.006948492118021,0.013725243231561093,0.9329116930582464,0.33522085522854744,-0.0044687346197859095,0.9542161800243236,0.2,1.6541603132390805,0.9406779049898623,0.6073385728464463,0.007693847920190406,0.9388284841839428,0.9697577528231083,0.030929268639165453,0.02732910372176673
